medicine_name,used_for
Paracetamol,बुखार और हल्के दर्द में उपयोगी
Amoxicillin,जीवाणु संक्रमण के इलाज में उपयोगी
Ibuprofen,सूजन और दर्द में राहत के लिए
Ciprofloxacin,संक्रमण के इलाज में उपयोगी
Metronidazole,दस्त और संक्रमण में उपयोगी
Azithromycin,गले और छाती के संक्रमण के लिए
Levocetirizine,एलर्जी और छींक में राहत के लिए
Cetirizine,एलर्जी और खुजली में उपयोगी
Pantoprazole,एसिडिटी और पेट दर्द में उपयोगी
Ranitidine,पेट की गैस और जलन में राहत
Omeprazole,अम्लता में राहत के लिए
Dolo,बुखार और दर्द में उपयोगी
Calpol,बच्चों के बुखार और दर्द के लिए
ORS,डिहाइड्रेशन में पानी की कमी को पूरा करता है
Zinc Tablet,दस्त में उपयोगी और रोग प्रतिरोधक शक्ति बढ़ाता है
Iron Folic Acid,रक्ताल्पता (एनीमिया) में उपयोगी
Albendazole,पेट के कीड़ों के इलाज के लिए
Chlorpheniramine,"सर्दी, खांसी और एलर्जी के लिए"
Vitamin D,हड्डियों की मजबूती के लिए
Calcium,हड्डियों और दाँतों की मजबूती के लिए
Multivitamin,शारीरिक कमजोरी और थकान में उपयोगी
Salbutamol,दमा और सांस की तकलीफ में राहत
Betadine,घावों को साफ़ करने के लिए
Domperidone,उल्टी और मतली में राहत के लिए
Diclofenac,दर्द और सूजन में उपयोगी
Paracetamol 2,बुखार और हल्के दर्द में उपयोगी
Amoxicillin 2,जीवाणु संक्रमण के इलाज में उपयोगी
Ibuprofen 2,सूजन और दर्द में राहत के लिए
Ciprofloxacin 2,संक्रमण के इलाज में उपयोगी
Metronidazole 2,दस्त और संक्रमण में उपयोगी
Azithromycin 2,गले और छाती के संक्रमण के लिए
Levocetirizine 2,एलर्जी और छींक में राहत के लिए
Cetirizine 2,एलर्जी और खुजली में उपयोगी
Pantoprazole 2,एसिडिटी और पेट दर्द में उपयोगी
Ranitidine 2,पेट की गैस और जलन में राहत
Omeprazole 2,अम्लता में राहत के लिए
Dolo 2,बुखार और दर्द में उपयोगी
Calpol 2,बच्चों के बुखार और दर्द के लिए
ORS 2,डिहाइड्रेशन में पानी की कमी को पूरा करता है
Zinc Tablet 2,दस्त में उपयोगी और रोग प्रतिरोधक शक्ति बढ़ाता है
Iron Folic Acid 2,रक्ताल्पता (एनीमिया) में उपयोगी
Albendazole 2,पेट के कीड़ों के इलाज के लिए
Chlorpheniramine 2,"सर्दी, खांसी और एलर्जी के लिए"
Vitamin D 2,हड्डियों की मजबूती के लिए
Calcium 2,हड्डियों और दाँतों की मजबूती के लिए
Multivitamin 2,शारीरिक कमजोरी और थकान में उपयोगी
Salbutamol 2,दमा और सांस की तकलीफ में राहत
Betadine 2,घावों को साफ़ करने के लिए
Domperidone 2,उल्टी और मतली में राहत के लिए
Diclofenac 2,दर्द और सूजन में उपयोगी
Paracetamol 3,बुखार और हल्के दर्द में उपयोगी
Amoxicillin 3,जीवाणु संक्रमण के इलाज में उपयोगी
Ibuprofen 3,सूजन और दर्द में राहत के लिए
Ciprofloxacin 3,संक्रमण के इलाज में उपयोगी
Metronidazole 3,दस्त और संक्रमण में उपयोगी
Azithromycin 3,गले और छाती के संक्रमण के लिए
Levocetirizine 3,एलर्जी और छींक में राहत के लिए
Cetirizine 3,एलर्जी और खुजली में उपयोगी
Pantoprazole 3,एसिडिटी और पेट दर्द में उपयोगी
Ranitidine 3,पेट की गैस और जलन में राहत
Omeprazole 3,अम्लता में राहत के लिए
Dolo 3,बुखार और दर्द में उपयोगी
Calpol 3,बच्चों के बुखार और दर्द के लिए
ORS 3,डिहाइड्रेशन में पानी की कमी को पूरा करता है
Zinc Tablet 3,दस्त में उपयोगी और रोग प्रतिरोधक शक्ति बढ़ाता है
Iron Folic Acid 3,रक्ताल्पता (एनीमिया) में उपयोगी
Albendazole 3,पेट के कीड़ों के इलाज के लिए
Chlorpheniramine 3,"सर्दी, खांसी और एलर्जी के लिए"
Vitamin D 3,हड्डियों की मजबूती के लिए
Calcium 3,हड्डियों और दाँतों की मजबूती के लिए
Multivitamin 3,शारीरिक कमजोरी और थकान में उपयोगी
Salbutamol 3,दमा और सांस की तकलीफ में राहत
Betadine 3,घावों को साफ़ करने के लिए
Domperidone 3,उल्टी और मतली में राहत के लिए
Diclofenac 3,दर्द और सूजन में उपयोगी
Paracetamol 4,बुखार और हल्के दर्द में उपयोगी
Amoxicillin 4,जीवाणु संक्रमण के इलाज में उपयोगी
Ibuprofen 4,सूजन और दर्द में राहत के लिए
Ciprofloxacin 4,संक्रमण के इलाज में उपयोगी
Metronidazole 4,दस्त और संक्रमण में उपयोगी
Azithromycin 4,गले और छाती के संक्रमण के लिए
Levocetirizine 4,एलर्जी और छींक में राहत के लिए
Cetirizine 4,एलर्जी और खुजली में उपयोगी
Pantoprazole 4,एसिडिटी और पेट दर्द में उपयोगी
Ranitidine 4,पेट की गैस और जलन में राहत
Omeprazole 4,अम्लता में राहत के लिए
Dolo 4,बुखार और दर्द में उपयोगी
Calpol 4,बच्चों के बुखार और दर्द के लिए
ORS 4,डिहाइड्रेशन में पानी की कमी को पूरा करता है
Zinc Tablet 4,दस्त में उपयोगी और रोग प्रतिरोधक शक्ति बढ़ाता है
Iron Folic Acid 4,रक्ताल्पता (एनीमिया) में उपयोगी
Albendazole 4,पेट के कीड़ों के इलाज के लिए
Chlorpheniramine 4,"सर्दी, खांसी और एलर्जी के लिए"
Vitamin D 4,हड्डियों की मजबूती के लिए
Calcium 4,हड्डियों और दाँतों की मजबूती के लिए
Multivitamin 4,शारीरिक कमजोरी और थकान में उपयोगी
Salbutamol 4,दमा और सांस की तकलीफ में राहत
Betadine 4,घावों को साफ़ करने के लिए
Domperidone 4,उल्टी और मतली में राहत के लिए
Diclofenac 4,दर्द और सूजन में उपयोगी
Paracetamol 5,बुखार और हल्के दर्द में उपयोगी
Amoxicillin 5,जीवाणु संक्रमण के इलाज में उपयोगी
Ibuprofen 5,सूजन और दर्द में राहत के लिए
Ciprofloxacin 5,संक्रमण के इलाज में उपयोगी
Metronidazole 5,दस्त और संक्रमण में उपयोगी
Azithromycin 5,गले और छाती के संक्रमण के लिए
Levocetirizine 5,एलर्जी और छींक में राहत के लिए
Cetirizine 5,एलर्जी और खुजली में उपयोगी
Pantoprazole 5,एसिडिटी और पेट दर्द में उपयोगी
Ranitidine 5,पेट की गैस और जलन में राहत
Omeprazole 5,अम्लता में राहत के लिए
Dolo 5,बुखार और दर्द में उपयोगी
Calpol 5,बच्चों के बुखार और दर्द के लिए
ORS 5,डिहाइड्रेशन में पानी की कमी को पूरा करता है
Zinc Tablet 5,दस्त में उपयोगी और रोग प्रतिरोधक शक्ति बढ़ाता है
Iron Folic Acid 5,रक्ताल्पता (एनीमिया) में उपयोगी
Albendazole 5,पेट के कीड़ों के इलाज के लिए
Chlorpheniramine 5,"सर्दी, खांसी और एलर्जी के लिए"
Vitamin D 5,हड्डियों की मजबूती के लिए
Calcium 5,हड्डियों और दाँतों की मजबूती के लिए
Multivitamin 5,शारीरिक कमजोरी और थकान में उपयोगी
Salbutamol 5,दमा और सांस की तकलीफ में राहत
Betadine 5,घावों को साफ़ करने के लिए
Domperidone 5,उल्टी और मतली में राहत के लिए
Diclofenac 5,दर्द और सूजन में उपयोगी
Paracetamol 6,बुखार और हल्के दर्द में उपयोगी
Amoxicillin 6,जीवाणु संक्रमण के इलाज में उपयोगी
Ibuprofen 6,सूजन और दर्द में राहत के लिए
Ciprofloxacin 6,संक्रमण के इलाज में उपयोगी
Metronidazole 6,दस्त और संक्रमण में उपयोगी
Azithromycin 6,गले और छाती के संक्रमण के लिए
Levocetirizine 6,एलर्जी और छींक में राहत के लिए
Cetirizine 6,एलर्जी और खुजली में उपयोगी
Pantoprazole 6,एसिडिटी और पेट दर्द में उपयोगी
Ranitidine 6,पेट की गैस और जलन में राहत
Omeprazole 6,अम्लता में राहत के लिए
Dolo 6,बुखार और दर्द में उपयोगी
Calpol 6,बच्चों के बुखार और दर्द के लिए
ORS 6,डिहाइड्रेशन में पानी की कमी को पूरा करता है
Zinc Tablet 6,दस्त में उपयोगी और रोग प्रतिरोधक शक्ति बढ़ाता है
Iron Folic Acid 6,रक्ताल्पता (एनीमिया) में उपयोगी
Albendazole 6,पेट के कीड़ों के इलाज के लिए
Chlorpheniramine 6,"सर्दी, खांसी और एलर्जी के लिए"
Vitamin D 6,हड्डियों की मजबूती के लिए
Calcium 6,हड्डियों और दाँतों की मजबूती के लिए
Multivitamin 6,शारीरिक कमजोरी और थकान में उपयोगी
Salbutamol 6,दमा और सांस की तकलीफ में राहत
Betadine 6,घावों को साफ़ करने के लिए
Domperidone 6,उल्टी और मतली में राहत के लिए
Diclofenac 6,दर्द और सूजन में उपयोगी
Paracetamol 7,बुखार और हल्के दर्द में उपयोगी
Amoxicillin 7,जीवाणु संक्रमण के इलाज में उपयोगी
Ibuprofen 7,सूजन और दर्द में राहत के लिए
Ciprofloxacin 7,संक्रमण के इलाज में उपयोगी
Metronidazole 7,दस्त और संक्रमण में उपयोगी
Azithromycin 7,गले और छाती के संक्रमण के लिए
Levocetirizine 7,एलर्जी और छींक में राहत के लिए
Cetirizine 7,एलर्जी और खुजली में उपयोगी
Pantoprazole 7,एसिडिटी और पेट दर्द में उपयोगी
Ranitidine 7,पेट की गैस और जलन में राहत
Omeprazole 7,अम्लता में राहत के लिए
Dolo 7,बुखार और दर्द में उपयोगी
Calpol 7,बच्चों के बुखार और दर्द के लिए
ORS 7,डिहाइड्रेशन में पानी की कमी को पूरा करता है
Zinc Tablet 7,दस्त में उपयोगी और रोग प्रतिरोधक शक्ति बढ़ाता है
Iron Folic Acid 7,रक्ताल्पता (एनीमिया) में उपयोगी
Albendazole 7,पेट के कीड़ों के इलाज के लिए
Chlorpheniramine 7,"सर्दी, खांसी और एलर्जी के लिए"
Vitamin D 7,हड्डियों की मजबूती के लिए
Calcium 7,हड्डियों और दाँतों की मजबूती के लिए
Multivitamin 7,शारीरिक कमजोरी और थकान में उपयोगी
Salbutamol 7,दमा और सांस की तकलीफ में राहत
Betadine 7,घावों को साफ़ करने के लिए
Domperidone 7,उल्टी और मतली में राहत के लिए
Diclofenac 7,दर्द और सूजन में उपयोगी
Paracetamol 8,बुखार और हल्के दर्द में उपयोगी
Amoxicillin 8,जीवाणु संक्रमण के इलाज में उपयोगी
Ibuprofen 8,सूजन और दर्द में राहत के लिए
Ciprofloxacin 8,संक्रमण के इलाज में उपयोगी
Metronidazole 8,दस्त और संक्रमण में उपयोगी
Azithromycin 8,गले और छाती के संक्रमण के लिए
Levocetirizine 8,एलर्जी और छींक में राहत के लिए
Cetirizine 8,एलर्जी और खुजली में उपयोगी
Pantoprazole 8,एसिडिटी और पेट दर्द में उपयोगी
Ranitidine 8,पेट की गैस और जलन में राहत
Omeprazole 8,अम्लता में राहत के लिए
Dolo 8,बुखार और दर्द में उपयोगी
Calpol 8,बच्चों के बुखार और दर्द के लिए
ORS 8,डिहाइड्रेशन में पानी की कमी को पूरा करता है
Zinc Tablet 8,दस्त में उपयोगी और रोग प्रतिरोधक शक्ति बढ़ाता है
Iron Folic Acid 8,रक्ताल्पता (एनीमिया) में उपयोगी
Albendazole 8,पेट के कीड़ों के इलाज के लिए
Chlorpheniramine 8,"सर्दी, खांसी और एलर्जी के लिए"
Vitamin D 8,हड्डियों की मजबूती के लिए
Calcium 8,हड्डियों और दाँतों की मजबूती के लिए
Multivitamin 8,शारीरिक कमजोरी और थकान में उपयोगी
Salbutamol 8,दमा और सांस की तकलीफ में राहत
Betadine 8,घावों को साफ़ करने के लिए
Domperidone 8,उल्टी और मतली में राहत के लिए
Diclofenac 8,दर्द और सूजन में उपयोगी
Paracetamol 9,बुखार और हल्के दर्द में उपयोगी
Amoxicillin 9,जीवाणु संक्रमण के इलाज में उपयोगी
Ibuprofen 9,सूजन और दर्द में राहत के लिए
Ciprofloxacin 9,संक्रमण के इलाज में उपयोगी
Metronidazole 9,दस्त और संक्रमण में उपयोगी
Azithromycin 9,गले और छाती के संक्रमण के लिए
Levocetirizine 9,एलर्जी और छींक में राहत के लिए
Cetirizine 9,एलर्जी और खुजली में उपयोगी
Pantoprazole 9,एसिडिटी और पेट दर्द में उपयोगी
Ranitidine 9,पेट की गैस और जलन में राहत
Omeprazole 9,अम्लता में राहत के लिए
Dolo 9,बुखार और दर्द में उपयोगी
Calpol 9,बच्चों के बुखार और दर्द के लिए
ORS 9,डिहाइड्रेशन में पानी की कमी को पूरा करता है
Zinc Tablet 9,दस्त में उपयोगी और रोग प्रतिरोधक शक्ति बढ़ाता है
Iron Folic Acid 9,रक्ताल्पता (एनीमिया) में उपयोगी
Albendazole 9,पेट के कीड़ों के इलाज के लिए
Chlorpheniramine 9,"सर्दी, खांसी और एलर्जी के लिए"
Vitamin D 9,हड्डियों की मजबूती के लिए
Calcium 9,हड्डियों और दाँतों की मजबूती के लिए
Multivitamin 9,शारीरिक कमजोरी और थकान में उपयोगी
Salbutamol 9,दमा और सांस की तकलीफ में राहत
Betadine 9,घावों को साफ़ करने के लिए
Domperidone 9,उल्टी और मतली में राहत के लिए
Diclofenac 9,दर्द और सूजन में उपयोगी
Paracetamol 10,बुखार और हल्के दर्द में उपयोगी
Amoxicillin 10,जीवाणु संक्रमण के इलाज में उपयोगी
Ibuprofen 10,सूजन और दर्द में राहत के लिए
Ciprofloxacin 10,संक्रमण के इलाज में उपयोगी
Metronidazole 10,दस्त और संक्रमण में उपयोगी
Azithromycin 10,गले और छाती के संक्रमण के लिए
Levocetirizine 10,एलर्जी और छींक में राहत के लिए
Cetirizine 10,एलर्जी और खुजली में उपयोगी
Pantoprazole 10,एसिडिटी और पेट दर्द में उपयोगी
Ranitidine 10,पेट की गैस और जलन में राहत
Omeprazole 10,अम्लता में राहत के लिए
Dolo 10,बुखार और दर्द में उपयोगी
Calpol 10,बच्चों के बुखार और दर्द के लिए
ORS 10,डिहाइड्रेशन में पानी की कमी को पूरा करता है
Zinc Tablet 10,दस्त में उपयोगी और रोग प्रतिरोधक शक्ति बढ़ाता है
Iron Folic Acid 10,रक्ताल्पता (एनीमिया) में उपयोगी
Albendazole 10,पेट के कीड़ों के इलाज के लिए
Chlorpheniramine 10,"सर्दी, खांसी और एलर्जी के लिए"
Vitamin D 10,हड्डियों की मजबूती के लिए
Calcium 10,हड्डियों और दाँतों की मजबूती के लिए
Multivitamin 10,शारीरिक कमजोरी और थकान में उपयोगी
Salbutamol 10,दमा और सांस की तकलीफ में राहत
Betadine 10,घावों को साफ़ करने के लिए
Domperidone 10,उल्टी और मतली में राहत के लिए
Diclofenac 10,दर्द और सूजन में उपयोगी
Paracetamol 11,बुखार और हल्के दर्द में उपयोगी
Amoxicillin 11,जीवाणु संक्रमण के इलाज में उपयोगी
Ibuprofen 11,सूजन और दर्द में राहत के लिए
Ciprofloxacin 11,संक्रमण के इलाज में उपयोगी
Metronidazole 11,दस्त और संक्रमण में उपयोगी
Azithromycin 11,गले और छाती के संक्रमण के लिए
Levocetirizine 11,एलर्जी और छींक में राहत के लिए
Cetirizine 11,एलर्जी और खुजली में उपयोगी
Pantoprazole 11,एसिडिटी और पेट दर्द में उपयोगी
Ranitidine 11,पेट की गैस और जलन में राहत
Omeprazole 11,अम्लता में राहत के लिए
Dolo 11,बुखार और दर्द में उपयोगी
Calpol 11,बच्चों के बुखार और दर्द के लिए
ORS 11,डिहाइड्रेशन में पानी की कमी को पूरा करता है
Zinc Tablet 11,दस्त में उपयोगी और रोग प्रतिरोधक शक्ति बढ़ाता है
Iron Folic Acid 11,रक्ताल्पता (एनीमिया) में उपयोगी
Albendazole 11,पेट के कीड़ों के इलाज के लिए
Chlorpheniramine 11,"सर्दी, खांसी और एलर्जी के लिए"
Vitamin D 11,हड्डियों की मजबूती के लिए
Calcium 11,हड्डियों और दाँतों की मजबूती के लिए
Multivitamin 11,शारीरिक कमजोरी और थकान में उपयोगी
Salbutamol 11,दमा और सांस की तकलीफ में राहत
Betadine 11,घावों को साफ़ करने के लिए
Domperidone 11,उल्टी और मतली में राहत के लिए
Diclofenac 11,दर्द और सूजन में उपयोगी
Paracetamol 12,बुखार और हल्के दर्द में उपयोगी
Amoxicillin 12,जीवाणु संक्रमण के इलाज में उपयोगी
Ibuprofen 12,सूजन और दर्द में राहत के लिए
Ciprofloxacin 12,संक्रमण के इलाज में उपयोगी
Metronidazole 12,दस्त और संक्रमण में उपयोगी
Azithromycin 12,गले और छाती के संक्रमण के लिए
Levocetirizine 12,एलर्जी और छींक में राहत के लिए
Cetirizine 12,एलर्जी और खुजली में उपयोगी
Pantoprazole 12,एसिडिटी और पेट दर्द में उपयोगी
Ranitidine 12,पेट की गैस और जलन में राहत
Omeprazole 12,अम्लता में राहत के लिए
Dolo 12,बुखार और दर्द में उपयोगी
Calpol 12,बच्चों के बुखार और दर्द के लिए
ORS 12,डिहाइड्रेशन में पानी की कमी को पूरा करता है
Zinc Tablet 12,दस्त में उपयोगी और रोग प्रतिरोधक शक्ति बढ़ाता है
Iron Folic Acid 12,रक्ताल्पता (एनीमिया) में उपयोगी
Albendazole 12,पेट के कीड़ों के इलाज के लिए
Chlorpheniramine 12,"सर्दी, खांसी और एलर्जी के लिए"
Vitamin D 12,हड्डियों की मजबूती के लिए
Calcium 12,हड्डियों और दाँतों की मजबूती के लिए
Multivitamin 12,शारीरिक कमजोरी और थकान में उपयोगी
Salbutamol 12,दमा और सांस की तकलीफ में राहत
Betadine 12,घावों को साफ़ करने के लिए
Domperidone 12,उल्टी और मतली में राहत के लिए
Diclofenac 12,दर्द और सूजन में उपयोगी
Paracetamol 13,बुखार और हल्के दर्द में उपयोगी
Amoxicillin 13,जीवाणु संक्रमण के इलाज में उपयोगी
Ibuprofen 13,सूजन और दर्द में राहत के लिए
Ciprofloxacin 13,संक्रमण के इलाज में उपयोगी
Metronidazole 13,दस्त और संक्रमण में उपयोगी
Azithromycin 13,गले और छाती के संक्रमण के लिए
Levocetirizine 13,एलर्जी और छींक में राहत के लिए
Cetirizine 13,एलर्जी और खुजली में उपयोगी
Pantoprazole 13,एसिडिटी और पेट दर्द में उपयोगी
Ranitidine 13,पेट की गैस और जलन में राहत
Omeprazole 13,अम्लता में राहत के लिए
Dolo 13,बुखार और दर्द में उपयोगी
Calpol 13,बच्चों के बुखार और दर्द के लिए
ORS 13,डिहाइड्रेशन में पानी की कमी को पूरा करता है
Zinc Tablet 13,दस्त में उपयोगी और रोग प्रतिरोधक शक्ति बढ़ाता है
Iron Folic Acid 13,रक्ताल्पता (एनीमिया) में उपयोगी
Albendazole 13,पेट के कीड़ों के इलाज के लिए
Chlorpheniramine 13,"सर्दी, खांसी और एलर्जी के लिए"
Vitamin D 13,हड्डियों की मजबूती के लिए
Calcium 13,हड्डियों और दाँतों की मजबूती के लिए
Multivitamin 13,शारीरिक कमजोरी और थकान में उपयोगी
Salbutamol 13,दमा और सांस की तकलीफ में राहत
Betadine 13,घावों को साफ़ करने के लिए
Domperidone 13,उल्टी और मतली में राहत के लिए
Diclofenac 13,दर्द और सूजन में उपयोगी
Paracetamol 14,बुखार और हल्के दर्द में उपयोगी
Amoxicillin 14,जीवाणु संक्रमण के इलाज में उपयोगी
Ibuprofen 14,सूजन और दर्द में राहत के लिए
Ciprofloxacin 14,संक्रमण के इलाज में उपयोगी
Metronidazole 14,दस्त और संक्रमण में उपयोगी
Azithromycin 14,गले और छाती के संक्रमण के लिए
Levocetirizine 14,एलर्जी और छींक में राहत के लिए
Cetirizine 14,एलर्जी और खुजली में उपयोगी
Pantoprazole 14,एसिडिटी और पेट दर्द में उपयोगी
Ranitidine 14,पेट की गैस और जलन में राहत
Omeprazole 14,अम्लता में राहत के लिए
Dolo 14,बुखार और दर्द में उपयोगी
Calpol 14,बच्चों के बुखार और दर्द के लिए
ORS 14,डिहाइड्रेशन में पानी की कमी को पूरा करता है
Zinc Tablet 14,दस्त में उपयोगी और रोग प्रतिरोधक शक्ति बढ़ाता है
Iron Folic Acid 14,रक्ताल्पता (एनीमिया) में उपयोगी
Albendazole 14,पेट के कीड़ों के इलाज के लिए
Chlorpheniramine 14,"सर्दी, खांसी और एलर्जी के लिए"
Vitamin D 14,हड्डियों की मजबूती के लिए
Calcium 14,हड्डियों और दाँतों की मजबूती के लिए
Multivitamin 14,शारीरिक कमजोरी और थकान में उपयोगी
Salbutamol 14,दमा और सांस की तकलीफ में राहत
Betadine 14,घावों को साफ़ करने के लिए
Domperidone 14,उल्टी और मतली में राहत के लिए
Diclofenac 14,दर्द और सूजन में उपयोगी
Paracetamol 15,बुखार और हल्के दर्द में उपयोगी
Amoxicillin 15,जीवाणु संक्रमण के इलाज में उपयोगी
Ibuprofen 15,सूजन और दर्द में राहत के लिए
Ciprofloxacin 15,संक्रमण के इलाज में उपयोगी
Metronidazole 15,दस्त और संक्रमण में उपयोगी
Azithromycin 15,गले और छाती के संक्रमण के लिए
Levocetirizine 15,एलर्जी और छींक में राहत के लिए
Cetirizine 15,एलर्जी और खुजली में उपयोगी
Pantoprazole 15,एसिडिटी और पेट दर्द में उपयोगी
Ranitidine 15,पेट की गैस और जलन में राहत
Omeprazole 15,अम्लता में राहत के लिए
Dolo 15,बुखार और दर्द में उपयोगी
Calpol 15,बच्चों के बुखार और दर्द के लिए
ORS 15,डिहाइड्रेशन में पानी की कमी को पूरा करता है
Zinc Tablet 15,दस्त में उपयोगी और रोग प्रतिरोधक शक्ति बढ़ाता है
Iron Folic Acid 15,रक्ताल्पता (एनीमिया) में उपयोगी
Albendazole 15,पेट के कीड़ों के इलाज के लिए
Chlorpheniramine 15,"सर्दी, खांसी और एलर्जी के लिए"
Vitamin D 15,हड्डियों की मजबूती के लिए
Calcium 15,हड्डियों और दाँतों की मजबूती के लिए
Multivitamin 15,शारीरिक कमजोरी और थकान में उपयोगी
Salbutamol 15,दमा और सांस की तकलीफ में राहत
Betadine 15,घावों को साफ़ करने के लिए
Domperidone 15,उल्टी और मतली में राहत के लिए
Diclofenac 15,दर्द और सूजन में उपयोगी
Paracetamol 16,बुखार और हल्के दर्द में उपयोगी
Amoxicillin 16,जीवाणु संक्रमण के इलाज में उपयोगी
Ibuprofen 16,सूजन और दर्द में राहत के लिए
Ciprofloxacin 16,संक्रमण के इलाज में उपयोगी
Metronidazole 16,दस्त और संक्रमण में उपयोगी
Azithromycin 16,गले और छाती के संक्रमण के लिए
Levocetirizine 16,एलर्जी और छींक में राहत के लिए
Cetirizine 16,एलर्जी और खुजली में उपयोगी
Pantoprazole 16,एसिडिटी और पेट दर्द में उपयोगी
Ranitidine 16,पेट की गैस और जलन में राहत
Omeprazole 16,अम्लता में राहत के लिए
Dolo 16,बुखार और दर्द में उपयोगी
Calpol 16,बच्चों के बुखार और दर्द के लिए
ORS 16,डिहाइड्रेशन में पानी की कमी को पूरा करता है
Zinc Tablet 16,दस्त में उपयोगी और रोग प्रतिरोधक शक्ति बढ़ाता है
Iron Folic Acid 16,रक्ताल्पता (एनीमिया) में उपयोगी
Albendazole 16,पेट के कीड़ों के इलाज के लिए
Chlorpheniramine 16,"सर्दी, खांसी और एलर्जी के लिए"
Vitamin D 16,हड्डियों की मजबूती के लिए
Calcium 16,हड्डियों और दाँतों की मजबूती के लिए
Multivitamin 16,शारीरिक कमजोरी और थकान में उपयोगी
Salbutamol 16,दमा और सांस की तकलीफ में राहत
Betadine 16,घावों को साफ़ करने के लिए
Domperidone 16,उल्टी और मतली में राहत के लिए
Diclofenac 16,दर्द और सूजन में उपयोगी
Paracetamol 17,बुखार और हल्के दर्द में उपयोगी
Amoxicillin 17,जीवाणु संक्रमण के इलाज में उपयोगी
Ibuprofen 17,सूजन और दर्द में राहत के लिए
Ciprofloxacin 17,संक्रमण के इलाज में उपयोगी
Metronidazole 17,दस्त और संक्रमण में उपयोगी
Azithromycin 17,गले और छाती के संक्रमण के लिए
Levocetirizine 17,एलर्जी और छींक में राहत के लिए
Cetirizine 17,एलर्जी और खुजली में उपयोगी
Pantoprazole 17,एसिडिटी और पेट दर्द में उपयोगी
Ranitidine 17,पेट की गैस और जलन में राहत
Omeprazole 17,अम्लता में राहत के लिए
Dolo 17,बुखार और दर्द में उपयोगी
Calpol 17,बच्चों के बुखार और दर्द के लिए
ORS 17,डिहाइड्रेशन में पानी की कमी को पूरा करता है
Zinc Tablet 17,दस्त में उपयोगी और रोग प्रतिरोधक शक्ति बढ़ाता है
Iron Folic Acid 17,रक्ताल्पता (एनीमिया) में उपयोगी
Albendazole 17,पेट के कीड़ों के इलाज के लिए
Chlorpheniramine 17,"सर्दी, खांसी और एलर्जी के लिए"
Vitamin D 17,हड्डियों की मजबूती के लिए
Calcium 17,हड्डियों और दाँतों की मजबूती के लिए
Multivitamin 17,शारीरिक कमजोरी और थकान में उपयोगी
Salbutamol 17,दमा और सांस की तकलीफ में राहत
Betadine 17,घावों को साफ़ करने के लिए
Domperidone 17,उल्टी और मतली में राहत के लिए
Diclofenac 17,दर्द और सूजन में उपयोगी
Paracetamol 18,बुखार और हल्के दर्द में उपयोगी
Amoxicillin 18,जीवाणु संक्रमण के इलाज में उपयोगी
Ibuprofen 18,सूजन और दर्द में राहत के लिए
Ciprofloxacin 18,संक्रमण के इलाज में उपयोगी
Metronidazole 18,दस्त और संक्रमण में उपयोगी
Azithromycin 18,गले और छाती के संक्रमण के लिए
Levocetirizine 18,एलर्जी और छींक में राहत के लिए
Cetirizine 18,एलर्जी और खुजली में उपयोगी
Pantoprazole 18,एसिडिटी और पेट दर्द में उपयोगी
Ranitidine 18,पेट की गैस और जलन में राहत
Omeprazole 18,अम्लता में राहत के लिए
Dolo 18,बुखार और दर्द में उपयोगी
Calpol 18,बच्चों के बुखार और दर्द के लिए
ORS 18,डिहाइड्रेशन में पानी की कमी को पूरा करता है
Zinc Tablet 18,दस्त में उपयोगी और रोग प्रतिरोधक शक्ति बढ़ाता है
Iron Folic Acid 18,रक्ताल्पता (एनीमिया) में उपयोगी
Albendazole 18,पेट के कीड़ों के इलाज के लिए
Chlorpheniramine 18,"सर्दी, खांसी और एलर्जी के लिए"
Vitamin D 18,हड्डियों की मजबूती के लिए
Calcium 18,हड्डियों और दाँतों की मजबूती के लिए
Multivitamin 18,शारीरिक कमजोरी और थकान में उपयोगी
Salbutamol 18,दमा और सांस की तकलीफ में राहत
Betadine 18,घावों को साफ़ करने के लिए
Domperidone 18,उल्टी और मतली में राहत के लिए
Diclofenac 18,दर्द और सूजन में उपयोगी
Paracetamol 19,बुखार और हल्के दर्द में उपयोगी
Amoxicillin 19,जीवाणु संक्रमण के इलाज में उपयोगी
Ibuprofen 19,सूजन और दर्द में राहत के लिए
Ciprofloxacin 19,संक्रमण के इलाज में उपयोगी
Metronidazole 19,दस्त और संक्रमण में उपयोगी
Azithromycin 19,गले और छाती के संक्रमण के लिए
Levocetirizine 19,एलर्जी और छींक में राहत के लिए
Cetirizine 19,एलर्जी और खुजली में उपयोगी
Pantoprazole 19,एसिडिटी और पेट दर्द में उपयोगी
Ranitidine 19,पेट की गैस और जलन में राहत
Omeprazole 19,अम्लता में राहत के लिए
Dolo 19,बुखार और दर्द में उपयोगी
Calpol 19,बच्चों के बुखार और दर्द के लिए
ORS 19,डिहाइड्रेशन में पानी की कमी को पूरा करता है
Zinc Tablet 19,दस्त में उपयोगी और रोग प्रतिरोधक शक्ति बढ़ाता है
Iron Folic Acid 19,रक्ताल्पता (एनीमिया) में उपयोगी
Albendazole 19,पेट के कीड़ों के इलाज के लिए
Chlorpheniramine 19,"सर्दी, खांसी और एलर्जी के लिए"
Vitamin D 19,हड्डियों की मजबूती के लिए
Calcium 19,हड्डियों और दाँतों की मजबूती के लिए
Multivitamin 19,शारीरिक कमजोरी और थकान में उपयोगी
Salbutamol 19,दमा और सांस की तकलीफ में राहत
Betadine 19,घावों को साफ़ करने के लिए
Domperidone 19,उल्टी और मतली में राहत के लिए
Diclofenac 19,दर्द और सूजन में उपयोगी
Paracetamol 20,बुखार और हल्के दर्द में उपयोगी
Amoxicillin 20,जीवाणु संक्रमण के इलाज में उपयोगी
Ibuprofen 20,सूजन और दर्द में राहत के लिए
Ciprofloxacin 20,संक्रमण के इलाज में उपयोगी
Metronidazole 20,दस्त और संक्रमण में उपयोगी
Azithromycin 20,गले और छाती के संक्रमण के लिए
Levocetirizine 20,एलर्जी और छींक में राहत के लिए
Cetirizine 20,एलर्जी और खुजली में उपयोगी
Pantoprazole 20,एसिडिटी और पेट दर्द में उपयोगी
Ranitidine 20,पेट की गैस और जलन में राहत
Omeprazole 20,अम्लता में राहत के लिए
Dolo 20,बुखार और दर्द में उपयोगी
Calpol 20,बच्चों के बुखार और दर्द के लिए
ORS 20,डिहाइड्रेशन में पानी की कमी को पूरा करता है
Zinc Tablet 20,दस्त में उपयोगी और रोग प्रतिरोधक शक्ति बढ़ाता है
Iron Folic Acid 20,रक्ताल्पता (एनीमिया) में उपयोगी
Albendazole 20,पेट के कीड़ों के इलाज के लिए
Chlorpheniramine 20,"सर्दी, खांसी और एलर्जी के लिए"
Vitamin D 20,हड्डियों की मजबूती के लिए
Calcium 20,हड्डियों और दाँतों की मजबूती के लिए
Multivitamin 20,शारीरिक कमजोरी और थकान में उपयोगी
Salbutamol 20,दमा और सांस की तकलीफ में राहत
Betadine 20,घावों को साफ़ करने के लिए
Domperidone 20,उल्टी और मतली में राहत के लिए
Diclofenac 20,दर्द और सूजन में उपयोगी
Paracetamol 21,बुखार और हल्के दर्द में उपयोगी
Amoxicillin 21,जीवाणु संक्रमण के इलाज में उपयोगी
Ibuprofen 21,सूजन और दर्द में राहत के लिए
Ciprofloxacin 21,संक्रमण के इलाज में उपयोगी
Metronidazole 21,दस्त और संक्रमण में उपयोगी
Azithromycin 21,गले और छाती के संक्रमण के लिए
Levocetirizine 21,एलर्जी और छींक में राहत के लिए
Cetirizine 21,एलर्जी और खुजली में उपयोगी
Pantoprazole 21,एसिडिटी और पेट दर्द में उपयोगी
Ranitidine 21,पेट की गैस और जलन में राहत
Omeprazole 21,अम्लता में राहत के लिए
Dolo 21,बुखार और दर्द में उपयोगी
Calpol 21,बच्चों के बुखार और दर्द के लिए
ORS 21,डिहाइड्रेशन में पानी की कमी को पूरा करता है
Zinc Tablet 21,दस्त में उपयोगी और रोग प्रतिरोधक शक्ति बढ़ाता है
Iron Folic Acid 21,रक्ताल्पता (एनीमिया) में उपयोगी
Albendazole 21,पेट के कीड़ों के इलाज के लिए
Chlorpheniramine 21,"सर्दी, खांसी और एलर्जी के लिए"
Vitamin D 21,हड्डियों की मजबूती के लिए
Calcium 21,हड्डियों और दाँतों की मजबूती के लिए
Multivitamin 21,शारीरिक कमजोरी और थकान में उपयोगी
Salbutamol 21,दमा और सांस की तकलीफ में राहत
Betadine 21,घावों को साफ़ करने के लिए
Domperidone 21,उल्टी और मतली में राहत के लिए
Diclofenac 21,दर्द और सूजन में उपयोगी
Paracetamol 22,बुखार और हल्के दर्द में उपयोगी
Amoxicillin 22,जीवाणु संक्रमण के इलाज में उपयोगी
Ibuprofen 22,सूजन और दर्द में राहत के लिए
Ciprofloxacin 22,संक्रमण के इलाज में उपयोगी
Metronidazole 22,दस्त और संक्रमण में उपयोगी
Azithromycin 22,गले और छाती के संक्रमण के लिए
Levocetirizine 22,एलर्जी और छींक में राहत के लिए
Cetirizine 22,एलर्जी और खुजली में उपयोगी
Pantoprazole 22,एसिडिटी और पेट दर्द में उपयोगी
Ranitidine 22,पेट की गैस और जलन में राहत
Omeprazole 22,अम्लता में राहत के लिए
Dolo 22,बुखार और दर्द में उपयोगी
Calpol 22,बच्चों के बुखार और दर्द के लिए
ORS 22,डिहाइड्रेशन में पानी की कमी को पूरा करता है
Zinc Tablet 22,दस्त में उपयोगी और रोग प्रतिरोधक शक्ति बढ़ाता है
Iron Folic Acid 22,रक्ताल्पता (एनीमिया) में उपयोगी
Albendazole 22,पेट के कीड़ों के इलाज के लिए
Chlorpheniramine 22,"सर्दी, खांसी और एलर्जी के लिए"
Vitamin D 22,हड्डियों की मजबूती के लिए
Calcium 22,हड्डियों और दाँतों की मजबूती के लिए
Multivitamin 22,शारीरिक कमजोरी और थकान में उपयोगी
Salbutamol 22,दमा और सांस की तकलीफ में राहत
Betadine 22,घावों को साफ़ करने के लिए
Domperidone 22,उल्टी और मतली में राहत के लिए
Diclofenac 22,दर्द और सूजन में उपयोगी
Paracetamol 23,बुखार और हल्के दर्द में उपयोगी
Amoxicillin 23,जीवाणु संक्रमण के इलाज में उपयोगी
Ibuprofen 23,सूजन और दर्द में राहत के लिए
Ciprofloxacin 23,संक्रमण के इलाज में उपयोगी
Metronidazole 23,दस्त और संक्रमण में उपयोगी
Azithromycin 23,गले और छाती के संक्रमण के लिए
Levocetirizine 23,एलर्जी और छींक में राहत के लिए
Cetirizine 23,एलर्जी और खुजली में उपयोगी
Pantoprazole 23,एसिडिटी और पेट दर्द में उपयोगी
Ranitidine 23,पेट की गैस और जलन में राहत
Omeprazole 23,अम्लता में राहत के लिए
Dolo 23,बुखार और दर्द में उपयोगी
Calpol 23,बच्चों के बुखार और दर्द के लिए
ORS 23,डिहाइड्रेशन में पानी की कमी को पूरा करता है
Zinc Tablet 23,दस्त में उपयोगी और रोग प्रतिरोधक शक्ति बढ़ाता है
Iron Folic Acid 23,रक्ताल्पता (एनीमिया) में उपयोगी
Albendazole 23,पेट के कीड़ों के इलाज के लिए
Chlorpheniramine 23,"सर्दी, खांसी और एलर्जी के लिए"
Vitamin D 23,हड्डियों की मजबूती के लिए
Calcium 23,हड्डियों और दाँतों की मजबूती के लिए
Multivitamin 23,शारीरिक कमजोरी और थकान में उपयोगी
Salbutamol 23,दमा और सांस की तकलीफ में राहत
Betadine 23,घावों को साफ़ करने के लिए
Domperidone 23,उल्टी और मतली में राहत के लिए
Diclofenac 23,दर्द और सूजन में उपयोगी
Paracetamol 24,बुखार और हल्के दर्द में उपयोगी
Amoxicillin 24,जीवाणु संक्रमण के इलाज में उपयोगी
Ibuprofen 24,सूजन और दर्द में राहत के लिए
Ciprofloxacin 24,संक्रमण के इलाज में उपयोगी
Metronidazole 24,दस्त और संक्रमण में उपयोगी
Azithromycin 24,गले और छाती के संक्रमण के लिए
Levocetirizine 24,एलर्जी और छींक में राहत के लिए
Cetirizine 24,एलर्जी और खुजली में उपयोगी
Pantoprazole 24,एसिडिटी और पेट दर्द में उपयोगी
Ranitidine 24,पेट की गैस और जलन में राहत
Omeprazole 24,अम्लता में राहत के लिए
Dolo 24,बुखार और दर्द में उपयोगी
Calpol 24,बच्चों के बुखार और दर्द के लिए
ORS 24,डिहाइड्रेशन में पानी की कमी को पूरा करता है
Zinc Tablet 24,दस्त में उपयोगी और रोग प्रतिरोधक शक्ति बढ़ाता है
Iron Folic Acid 24,रक्ताल्पता (एनीमिया) में उपयोगी
Albendazole 24,पेट के कीड़ों के इलाज के लिए
Chlorpheniramine 24,"सर्दी, खांसी और एलर्जी के लिए"
Vitamin D 24,हड्डियों की मजबूती के लिए
Calcium 24,हड्डियों और दाँतों की मजबूती के लिए
Multivitamin 24,शारीरिक कमजोरी और थकान में उपयोगी
Salbutamol 24,दमा और सांस की तकलीफ में राहत
Betadine 24,घावों को साफ़ करने के लिए
Domperidone 24,उल्टी और मतली में राहत के लिए
Diclofenac 24,दर्द और सूजन में उपयोगी
Paracetamol 25,बुखार और हल्के दर्द में उपयोगी
Amoxicillin 25,जीवाणु संक्रमण के इलाज में उपयोगी
Ibuprofen 25,सूजन और दर्द में राहत के लिए
Ciprofloxacin 25,संक्रमण के इलाज में उपयोगी
Metronidazole 25,दस्त और संक्रमण में उपयोगी
Azithromycin 25,गले और छाती के संक्रमण के लिए
Levocetirizine 25,एलर्जी और छींक में राहत के लिए
Cetirizine 25,एलर्जी और खुजली में उपयोगी
Pantoprazole 25,एसिडिटी और पेट दर्द में उपयोगी
Ranitidine 25,पेट की गैस और जलन में राहत
Omeprazole 25,अम्लता में राहत के लिए
Dolo 25,बुखार और दर्द में उपयोगी
Calpol 25,बच्चों के बुखार और दर्द के लिए
ORS 25,डिहाइड्रेशन में पानी की कमी को पूरा करता है
Zinc Tablet 25,दस्त में उपयोगी और रोग प्रतिरोधक शक्ति बढ़ाता है
Iron Folic Acid 25,रक्ताल्पता (एनीमिया) में उपयोगी
Albendazole 25,पेट के कीड़ों के इलाज के लिए
Chlorpheniramine 25,"सर्दी, खांसी और एलर्जी के लिए"
Vitamin D 25,हड्डियों की मजबूती के लिए
Calcium 25,हड्डियों और दाँतों की मजबूती के लिए
Multivitamin 25,शारीरिक कमजोरी और थकान में उपयोगी
Salbutamol 25,दमा और सांस की तकलीफ में राहत
Betadine 25,घावों को साफ़ करने के लिए
Domperidone 25,उल्टी और मतली में राहत के लिए
Diclofenac 25,दर्द और सूजन में उपयोगी
Paracetamol 26,बुखार और हल्के दर्द में उपयोगी
Amoxicillin 26,जीवाणु संक्रमण के इलाज में उपयोगी
Ibuprofen 26,सूजन और दर्द में राहत के लिए
Ciprofloxacin 26,संक्रमण के इलाज में उपयोगी
Metronidazole 26,दस्त और संक्रमण में उपयोगी
Azithromycin 26,गले और छाती के संक्रमण के लिए
Levocetirizine 26,एलर्जी और छींक में राहत के लिए
Cetirizine 26,एलर्जी और खुजली में उपयोगी
Pantoprazole 26,एसिडिटी और पेट दर्द में उपयोगी
Ranitidine 26,पेट की गैस और जलन में राहत
Omeprazole 26,अम्लता में राहत के लिए
Dolo 26,बुखार और दर्द में उपयोगी
Calpol 26,बच्चों के बुखार और दर्द के लिए
ORS 26,डिहाइड्रेशन में पानी की कमी को पूरा करता है
Zinc Tablet 26,दस्त में उपयोगी और रोग प्रतिरोधक शक्ति बढ़ाता है
Iron Folic Acid 26,रक्ताल्पता (एनीमिया) में उपयोगी
Albendazole 26,पेट के कीड़ों के इलाज के लिए
Chlorpheniramine 26,"सर्दी, खांसी और एलर्जी के लिए"
Vitamin D 26,हड्डियों की मजबूती के लिए
Calcium 26,हड्डियों और दाँतों की मजबूती के लिए
Multivitamin 26,शारीरिक कमजोरी और थकान में उपयोगी
Salbutamol 26,दमा और सांस की तकलीफ में राहत
Betadine 26,घावों को साफ़ करने के लिए
Domperidone 26,उल्टी और मतली में राहत के लिए
Diclofenac 26,दर्द और सूजन में उपयोगी
Paracetamol 27,बुखार और हल्के दर्द में उपयोगी
Amoxicillin 27,जीवाणु संक्रमण के इलाज में उपयोगी
Ibuprofen 27,सूजन और दर्द में राहत के लिए
Ciprofloxacin 27,संक्रमण के इलाज में उपयोगी
Metronidazole 27,दस्त और संक्रमण में उपयोगी
Azithromycin 27,गले और छाती के संक्रमण के लिए
Levocetirizine 27,एलर्जी और छींक में राहत के लिए
Cetirizine 27,एलर्जी और खुजली में उपयोगी
Pantoprazole 27,एसिडिटी और पेट दर्द में उपयोगी
Ranitidine 27,पेट की गैस और जलन में राहत
Omeprazole 27,अम्लता में राहत के लिए
Dolo 27,बुखार और दर्द में उपयोगी
Calpol 27,बच्चों के बुखार और दर्द के लिए
ORS 27,डिहाइड्रेशन में पानी की कमी को पूरा करता है
Zinc Tablet 27,दस्त में उपयोगी और रोग प्रतिरोधक शक्ति बढ़ाता है
Iron Folic Acid 27,रक्ताल्पता (एनीमिया) में उपयोगी
Albendazole 27,पेट के कीड़ों के इलाज के लिए
Chlorpheniramine 27,"सर्दी, खांसी और एलर्जी के लिए"
Vitamin D 27,हड्डियों की मजबूती के लिए
Calcium 27,हड्डियों और दाँतों की मजबूती के लिए
Multivitamin 27,शारीरिक कमजोरी और थकान में उपयोगी
Salbutamol 27,दमा और सांस की तकलीफ में राहत
Betadine 27,घावों को साफ़ करने के लिए
Domperidone 27,उल्टी और मतली में राहत के लिए
Diclofenac 27,दर्द और सूजन में उपयोगी
Paracetamol 28,बुखार और हल्के दर्द में उपयोगी
Amoxicillin 28,जीवाणु संक्रमण के इलाज में उपयोगी
Ibuprofen 28,सूजन और दर्द में राहत के लिए
Ciprofloxacin 28,संक्रमण के इलाज में उपयोगी
Metronidazole 28,दस्त और संक्रमण में उपयोगी
Azithromycin 28,गले और छाती के संक्रमण के लिए
Levocetirizine 28,एलर्जी और छींक में राहत के लिए
Cetirizine 28,एलर्जी और खुजली में उपयोगी
Pantoprazole 28,एसिडिटी और पेट दर्द में उपयोगी
Ranitidine 28,पेट की गैस और जलन में राहत
Omeprazole 28,अम्लता में राहत के लिए
Dolo 28,बुखार और दर्द में उपयोगी
Calpol 28,बच्चों के बुखार और दर्द के लिए
ORS 28,डिहाइड्रेशन में पानी की कमी को पूरा करता है
Zinc Tablet 28,दस्त में उपयोगी और रोग प्रतिरोधक शक्ति बढ़ाता है
Iron Folic Acid 28,रक्ताल्पता (एनीमिया) में उपयोगी
Albendazole 28,पेट के कीड़ों के इलाज के लिए
Chlorpheniramine 28,"सर्दी, खांसी और एलर्जी के लिए"
Vitamin D 28,हड्डियों की मजबूती के लिए
Calcium 28,हड्डियों और दाँतों की मजबूती के लिए
Multivitamin 28,शारीरिक कमजोरी और थकान में उपयोगी
Salbutamol 28,दमा और सांस की तकलीफ में राहत
Betadine 28,घावों को साफ़ करने के लिए
Domperidone 28,उल्टी और मतली में राहत के लिए
Diclofenac 28,दर्द और सूजन में उपयोगी
Paracetamol 29,बुखार और हल्के दर्द में उपयोगी
Amoxicillin 29,जीवाणु संक्रमण के इलाज में उपयोगी
Ibuprofen 29,सूजन और दर्द में राहत के लिए
Ciprofloxacin 29,संक्रमण के इलाज में उपयोगी
Metronidazole 29,दस्त और संक्रमण में उपयोगी
Azithromycin 29,गले और छाती के संक्रमण के लिए
Levocetirizine 29,एलर्जी और छींक में राहत के लिए
Cetirizine 29,एलर्जी और खुजली में उपयोगी
Pantoprazole 29,एसिडिटी और पेट दर्द में उपयोगी
Ranitidine 29,पेट की गैस और जलन में राहत
Omeprazole 29,अम्लता में राहत के लिए
Dolo 29,बुखार और दर्द में उपयोगी
Calpol 29,बच्चों के बुखार और दर्द के लिए
ORS 29,डिहाइड्रेशन में पानी की कमी को पूरा करता है
Zinc Tablet 29,दस्त में उपयोगी और रोग प्रतिरोधक शक्ति बढ़ाता है
Iron Folic Acid 29,रक्ताल्पता (एनीमिया) में उपयोगी
Albendazole 29,पेट के कीड़ों के इलाज के लिए
Chlorpheniramine 29,"सर्दी, खांसी और एलर्जी के लिए"
Vitamin D 29,हड्डियों की मजबूती के लिए
Calcium 29,हड्डियों और दाँतों की मजबूती के लिए
Multivitamin 29,शारीरिक कमजोरी और थकान में उपयोगी
Salbutamol 29,दमा और सांस की तकलीफ में राहत
Betadine 29,घावों को साफ़ करने के लिए
Domperidone 29,उल्टी और मतली में राहत के लिए
Diclofenac 29,दर्द और सूजन में उपयोगी
Paracetamol 30,बुखार और हल्के दर्द में उपयोगी
Amoxicillin 30,जीवाणु संक्रमण के इलाज में उपयोगी
Ibuprofen 30,सूजन और दर्द में राहत के लिए
Ciprofloxacin 30,संक्रमण के इलाज में उपयोगी
Metronidazole 30,दस्त और संक्रमण में उपयोगी
Azithromycin 30,गले और छाती के संक्रमण के लिए
Levocetirizine 30,एलर्जी और छींक में राहत के लिए
Cetirizine 30,एलर्जी और खुजली में उपयोगी
Pantoprazole 30,एसिडिटी और पेट दर्द में उपयोगी
Ranitidine 30,पेट की गैस और जलन में राहत
Omeprazole 30,अम्लता में राहत के लिए
Dolo 30,बुखार और दर्द में उपयोगी
Calpol 30,बच्चों के बुखार और दर्द के लिए
ORS 30,डिहाइड्रेशन में पानी की कमी को पूरा करता है
Zinc Tablet 30,दस्त में उपयोगी और रोग प्रतिरोधक शक्ति बढ़ाता है
Iron Folic Acid 30,रक्ताल्पता (एनीमिया) में उपयोगी
Albendazole 30,पेट के कीड़ों के इलाज के लिए
Chlorpheniramine 30,"सर्दी, खांसी और एलर्जी के लिए"
Vitamin D 30,हड्डियों की मजबूती के लिए
Calcium 30,हड्डियों और दाँतों की मजबूती के लिए
Multivitamin 30,शारीरिक कमजोरी और थकान में उपयोगी
Salbutamol 30,दमा और सांस की तकलीफ में राहत
Betadine 30,घावों को साफ़ करने के लिए
Domperidone 30,उल्टी और मतली में राहत के लिए
Diclofenac 30,दर्द और सूजन में उपयोगी
Paracetamol 31,बुखार और हल्के दर्द में उपयोगी
Amoxicillin 31,जीवाणु संक्रमण के इलाज में उपयोगी
Ibuprofen 31,सूजन और दर्द में राहत के लिए
Ciprofloxacin 31,संक्रमण के इलाज में उपयोगी
Metronidazole 31,दस्त और संक्रमण में उपयोगी
Azithromycin 31,गले और छाती के संक्रमण के लिए
Levocetirizine 31,एलर्जी और छींक में राहत के लिए
Cetirizine 31,एलर्जी और खुजली में उपयोगी
Pantoprazole 31,एसिडिटी और पेट दर्द में उपयोगी
Ranitidine 31,पेट की गैस और जलन में राहत
Omeprazole 31,अम्लता में राहत के लिए
Dolo 31,बुखार और दर्द में उपयोगी
Calpol 31,बच्चों के बुखार और दर्द के लिए
ORS 31,डिहाइड्रेशन में पानी की कमी को पूरा करता है
Zinc Tablet 31,दस्त में उपयोगी और रोग प्रतिरोधक शक्ति बढ़ाता है
Iron Folic Acid 31,रक्ताल्पता (एनीमिया) में उपयोगी
Albendazole 31,पेट के कीड़ों के इलाज के लिए
Chlorpheniramine 31,"सर्दी, खांसी और एलर्जी के लिए"
Vitamin D 31,हड्डियों की मजबूती के लिए
Calcium 31,हड्डियों और दाँतों की मजबूती के लिए
Multivitamin 31,शारीरिक कमजोरी और थकान में उपयोगी
Salbutamol 31,दमा और सांस की तकलीफ में राहत
Betadine 31,घावों को साफ़ करने के लिए
Domperidone 31,उल्टी और मतली में राहत के लिए
Diclofenac 31,दर्द और सूजन में उपयोगी
Paracetamol 32,बुखार और हल्के दर्द में उपयोगी
Amoxicillin 32,जीवाणु संक्रमण के इलाज में उपयोगी
Ibuprofen 32,सूजन और दर्द में राहत के लिए
Ciprofloxacin 32,संक्रमण के इलाज में उपयोगी
Metronidazole 32,दस्त और संक्रमण में उपयोगी
Azithromycin 32,गले और छाती के संक्रमण के लिए
Levocetirizine 32,एलर्जी और छींक में राहत के लिए
Cetirizine 32,एलर्जी और खुजली में उपयोगी
Pantoprazole 32,एसिडिटी और पेट दर्द में उपयोगी
Ranitidine 32,पेट की गैस और जलन में राहत
Omeprazole 32,अम्लता में राहत के लिए
Dolo 32,बुखार और दर्द में उपयोगी
Calpol 32,बच्चों के बुखार और दर्द के लिए
ORS 32,डिहाइड्रेशन में पानी की कमी को पूरा करता है
Zinc Tablet 32,दस्त में उपयोगी और रोग प्रतिरोधक शक्ति बढ़ाता है
Iron Folic Acid 32,रक्ताल्पता (एनीमिया) में उपयोगी
Albendazole 32,पेट के कीड़ों के इलाज के लिए
Chlorpheniramine 32,"सर्दी, खांसी और एलर्जी के लिए"
Vitamin D 32,हड्डियों की मजबूती के लिए
Calcium 32,हड्डियों और दाँतों की मजबूती के लिए
Multivitamin 32,शारीरिक कमजोरी और थकान में उपयोगी
Salbutamol 32,दमा और सांस की तकलीफ में राहत
Betadine 32,घावों को साफ़ करने के लिए
Domperidone 32,उल्टी और मतली में राहत के लिए
Diclofenac 32,दर्द और सूजन में उपयोगी
Paracetamol 33,बुखार और हल्के दर्द में उपयोगी
Amoxicillin 33,जीवाणु संक्रमण के इलाज में उपयोगी
Ibuprofen 33,सूजन और दर्द में राहत के लिए
Ciprofloxacin 33,संक्रमण के इलाज में उपयोगी
Metronidazole 33,दस्त और संक्रमण में उपयोगी
Azithromycin 33,गले और छाती के संक्रमण के लिए
Levocetirizine 33,एलर्जी और छींक में राहत के लिए
Cetirizine 33,एलर्जी और खुजली में उपयोगी
Pantoprazole 33,एसिडिटी और पेट दर्द में उपयोगी
Ranitidine 33,पेट की गैस और जलन में राहत
Omeprazole 33,अम्लता में राहत के लिए
Dolo 33,बुखार और दर्द में उपयोगी
Calpol 33,बच्चों के बुखार और दर्द के लिए
ORS 33,डिहाइड्रेशन में पानी की कमी को पूरा करता है
Zinc Tablet 33,दस्त में उपयोगी और रोग प्रतिरोधक शक्ति बढ़ाता है
Iron Folic Acid 33,रक्ताल्पता (एनीमिया) में उपयोगी
Albendazole 33,पेट के कीड़ों के इलाज के लिए
Chlorpheniramine 33,"सर्दी, खांसी और एलर्जी के लिए"
Vitamin D 33,हड्डियों की मजबूती के लिए
Calcium 33,हड्डियों और दाँतों की मजबूती के लिए
Multivitamin 33,शारीरिक कमजोरी और थकान में उपयोगी
Salbutamol 33,दमा और सांस की तकलीफ में राहत
Betadine 33,घावों को साफ़ करने के लिए
Domperidone 33,उल्टी और मतली में राहत के लिए
Diclofenac 33,दर्द और सूजन में उपयोगी
Paracetamol 34,बुखार और हल्के दर्द में उपयोगी
Amoxicillin 34,जीवाणु संक्रमण के इलाज में उपयोगी
Ibuprofen 34,सूजन और दर्द में राहत के लिए
Ciprofloxacin 34,संक्रमण के इलाज में उपयोगी
Metronidazole 34,दस्त और संक्रमण में उपयोगी
Azithromycin 34,गले और छाती के संक्रमण के लिए
Levocetirizine 34,एलर्जी और छींक में राहत के लिए
Cetirizine 34,एलर्जी और खुजली में उपयोगी
Pantoprazole 34,एसिडिटी और पेट दर्द में उपयोगी
Ranitidine 34,पेट की गैस और जलन में राहत
Omeprazole 34,अम्लता में राहत के लिए
Dolo 34,बुखार और दर्द में उपयोगी
Calpol 34,बच्चों के बुखार और दर्द के लिए
ORS 34,डिहाइड्रेशन में पानी की कमी को पूरा करता है
Zinc Tablet 34,दस्त में उपयोगी और रोग प्रतिरोधक शक्ति बढ़ाता है
Iron Folic Acid 34,रक्ताल्पता (एनीमिया) में उपयोगी
Albendazole 34,पेट के कीड़ों के इलाज के लिए
Chlorpheniramine 34,"सर्दी, खांसी और एलर्जी के लिए"
Vitamin D 34,हड्डियों की मजबूती के लिए
Calcium 34,हड्डियों और दाँतों की मजबूती के लिए
Multivitamin 34,शारीरिक कमजोरी और थकान में उपयोगी
Salbutamol 34,दमा और सांस की तकलीफ में राहत
Betadine 34,घावों को साफ़ करने के लिए
Domperidone 34,उल्टी और मतली में राहत के लिए
Diclofenac 34,दर्द और सूजन में उपयोगी
Paracetamol 35,बुखार और हल्के दर्द में उपयोगी
Amoxicillin 35,जीवाणु संक्रमण के इलाज में उपयोगी
Ibuprofen 35,सूजन और दर्द में राहत के लिए
Ciprofloxacin 35,संक्रमण के इलाज में उपयोगी
Metronidazole 35,दस्त और संक्रमण में उपयोगी
Azithromycin 35,गले और छाती के संक्रमण के लिए
Levocetirizine 35,एलर्जी और छींक में राहत के लिए
Cetirizine 35,एलर्जी और खुजली में उपयोगी
Pantoprazole 35,एसिडिटी और पेट दर्द में उपयोगी
Ranitidine 35,पेट की गैस और जलन में राहत
Omeprazole 35,अम्लता में राहत के लिए
Dolo 35,बुखार और दर्द में उपयोगी
Calpol 35,बच्चों के बुखार और दर्द के लिए
ORS 35,डिहाइड्रेशन में पानी की कमी को पूरा करता है
Zinc Tablet 35,दस्त में उपयोगी और रोग प्रतिरोधक शक्ति बढ़ाता है
Iron Folic Acid 35,रक्ताल्पता (एनीमिया) में उपयोगी
Albendazole 35,पेट के कीड़ों के इलाज के लिए
Chlorpheniramine 35,"सर्दी, खांसी और एलर्जी के लिए"
Vitamin D 35,हड्डियों की मजबूती के लिए
Calcium 35,हड्डियों और दाँतों की मजबूती के लिए
Multivitamin 35,शारीरिक कमजोरी और थकान में उपयोगी
Salbutamol 35,दमा और सांस की तकलीफ में राहत
Betadine 35,घावों को साफ़ करने के लिए
Domperidone 35,उल्टी और मतली में राहत के लिए
Diclofenac 35,दर्द और सूजन में उपयोगी
Paracetamol 36,बुखार और हल्के दर्द में उपयोगी
Amoxicillin 36,जीवाणु संक्रमण के इलाज में उपयोगी
Ibuprofen 36,सूजन और दर्द में राहत के लिए
Ciprofloxacin 36,संक्रमण के इलाज में उपयोगी
Metronidazole 36,दस्त और संक्रमण में उपयोगी
Azithromycin 36,गले और छाती के संक्रमण के लिए
Levocetirizine 36,एलर्जी और छींक में राहत के लिए
Cetirizine 36,एलर्जी और खुजली में उपयोगी
Pantoprazole 36,एसिडिटी और पेट दर्द में उपयोगी
Ranitidine 36,पेट की गैस और जलन में राहत
Omeprazole 36,अम्लता में राहत के लिए
Dolo 36,बुखार और दर्द में उपयोगी
Calpol 36,बच्चों के बुखार और दर्द के लिए
ORS 36,डिहाइड्रेशन में पानी की कमी को पूरा करता है
Zinc Tablet 36,दस्त में उपयोगी और रोग प्रतिरोधक शक्ति बढ़ाता है
Iron Folic Acid 36,रक्ताल्पता (एनीमिया) में उपयोगी
Albendazole 36,पेट के कीड़ों के इलाज के लिए
Chlorpheniramine 36,"सर्दी, खांसी और एलर्जी के लिए"
Vitamin D 36,हड्डियों की मजबूती के लिए
Calcium 36,हड्डियों और दाँतों की मजबूती के लिए
Multivitamin 36,शारीरिक कमजोरी और थकान में उपयोगी
Salbutamol 36,दमा और सांस की तकलीफ में राहत
Betadine 36,घावों को साफ़ करने के लिए
Domperidone 36,उल्टी और मतली में राहत के लिए
Diclofenac 36,दर्द और सूजन में उपयोगी
Paracetamol 37,बुखार और हल्के दर्द में उपयोगी
Amoxicillin 37,जीवाणु संक्रमण के इलाज में उपयोगी
Ibuprofen 37,सूजन और दर्द में राहत के लिए
Ciprofloxacin 37,संक्रमण के इलाज में उपयोगी
Metronidazole 37,दस्त और संक्रमण में उपयोगी
Azithromycin 37,गले और छाती के संक्रमण के लिए
Levocetirizine 37,एलर्जी और छींक में राहत के लिए
Cetirizine 37,एलर्जी और खुजली में उपयोगी
Pantoprazole 37,एसिडिटी और पेट दर्द में उपयोगी
Ranitidine 37,पेट की गैस और जलन में राहत
Omeprazole 37,अम्लता में राहत के लिए
Dolo 37,बुखार और दर्द में उपयोगी
Calpol 37,बच्चों के बुखार और दर्द के लिए
ORS 37,डिहाइड्रेशन में पानी की कमी को पूरा करता है
Zinc Tablet 37,दस्त में उपयोगी और रोग प्रतिरोधक शक्ति बढ़ाता है
Iron Folic Acid 37,रक्ताल्पता (एनीमिया) में उपयोगी
Albendazole 37,पेट के कीड़ों के इलाज के लिए
Chlorpheniramine 37,"सर्दी, खांसी और एलर्जी के लिए"
Vitamin D 37,हड्डियों की मजबूती के लिए
Calcium 37,हड्डियों और दाँतों की मजबूती के लिए
Multivitamin 37,शारीरिक कमजोरी और थकान में उपयोगी
Salbutamol 37,दमा और सांस की तकलीफ में राहत
Betadine 37,घावों को साफ़ करने के लिए
Domperidone 37,उल्टी और मतली में राहत के लिए
Diclofenac 37,दर्द और सूजन में उपयोगी
Paracetamol 38,बुखार और हल्के दर्द में उपयोगी
Amoxicillin 38,जीवाणु संक्रमण के इलाज में उपयोगी
Ibuprofen 38,सूजन और दर्द में राहत के लिए
Ciprofloxacin 38,संक्रमण के इलाज में उपयोगी
Metronidazole 38,दस्त और संक्रमण में उपयोगी
Azithromycin 38,गले और छाती के संक्रमण के लिए
Levocetirizine 38,एलर्जी और छींक में राहत के लिए
Cetirizine 38,एलर्जी और खुजली में उपयोगी
Pantoprazole 38,एसिडिटी और पेट दर्द में उपयोगी
Ranitidine 38,पेट की गैस और जलन में राहत
Omeprazole 38,अम्लता में राहत के लिए
Dolo 38,बुखार और दर्द में उपयोगी
Calpol 38,बच्चों के बुखार और दर्द के लिए
ORS 38,डिहाइड्रेशन में पानी की कमी को पूरा करता है
Zinc Tablet 38,दस्त में उपयोगी और रोग प्रतिरोधक शक्ति बढ़ाता है
Iron Folic Acid 38,रक्ताल्पता (एनीमिया) में उपयोगी
Albendazole 38,पेट के कीड़ों के इलाज के लिए
Chlorpheniramine 38,"सर्दी, खांसी और एलर्जी के लिए"
Vitamin D 38,हड्डियों की मजबूती के लिए
Calcium 38,हड्डियों और दाँतों की मजबूती के लिए
Multivitamin 38,शारीरिक कमजोरी और थकान में उपयोगी
Salbutamol 38,दमा और सांस की तकलीफ में राहत
Betadine 38,घावों को साफ़ करने के लिए
Domperidone 38,उल्टी और मतली में राहत के लिए
Diclofenac 38,दर्द और सूजन में उपयोगी
Paracetamol 39,बुखार और हल्के दर्द में उपयोगी
Amoxicillin 39,जीवाणु संक्रमण के इलाज में उपयोगी
Ibuprofen 39,सूजन और दर्द में राहत के लिए
Ciprofloxacin 39,संक्रमण के इलाज में उपयोगी
Metronidazole 39,दस्त और संक्रमण में उपयोगी
Azithromycin 39,गले और छाती के संक्रमण के लिए
Levocetirizine 39,एलर्जी और छींक में राहत के लिए
Cetirizine 39,एलर्जी और खुजली में उपयोगी
Pantoprazole 39,एसिडिटी और पेट दर्द में उपयोगी
Ranitidine 39,पेट की गैस और जलन में राहत
Omeprazole 39,अम्लता में राहत के लिए
Dolo 39,बुखार और दर्द में उपयोगी
Calpol 39,बच्चों के बुखार और दर्द के लिए
ORS 39,डिहाइड्रेशन में पानी की कमी को पूरा करता है
Zinc Tablet 39,दस्त में उपयोगी और रोग प्रतिरोधक शक्ति बढ़ाता है
Iron Folic Acid 39,रक्ताल्पता (एनीमिया) में उपयोगी
Albendazole 39,पेट के कीड़ों के इलाज के लिए
Chlorpheniramine 39,"सर्दी, खांसी और एलर्जी के लिए"
Vitamin D 39,हड्डियों की मजबूती के लिए
Calcium 39,हड्डियों और दाँतों की मजबूती के लिए
Multivitamin 39,शारीरिक कमजोरी और थकान में उपयोगी
Salbutamol 39,दमा और सांस की तकलीफ में राहत
Betadine 39,घावों को साफ़ करने के लिए
Domperidone 39,उल्टी और मतली में राहत के लिए
Diclofenac 39,दर्द और सूजन में उपयोगी
Paracetamol 40,बुखार और हल्के दर्द में उपयोगी
Amoxicillin 40,जीवाणु संक्रमण के इलाज में उपयोगी
Ibuprofen 40,सूजन और दर्द में राहत के लिए
Ciprofloxacin 40,संक्रमण के इलाज में उपयोगी
Metronidazole 40,दस्त और संक्रमण में उपयोगी
Azithromycin 40,गले और छाती के संक्रमण के लिए
Levocetirizine 40,एलर्जी और छींक में राहत के लिए
Cetirizine 40,एलर्जी और खुजली में उपयोगी
Pantoprazole 40,एसिडिटी और पेट दर्द में उपयोगी
Ranitidine 40,पेट की गैस और जलन में राहत
Omeprazole 40,अम्लता में राहत के लिए
Dolo 40,बुखार और दर्द में उपयोगी
Calpol 40,बच्चों के बुखार और दर्द के लिए
ORS 40,डिहाइड्रेशन में पानी की कमी को पूरा करता है
Zinc Tablet 40,दस्त में उपयोगी और रोग प्रतिरोधक शक्ति बढ़ाता है
Iron Folic Acid 40,रक्ताल्पता (एनीमिया) में उपयोगी
Albendazole 40,पेट के कीड़ों के इलाज के लिए
Chlorpheniramine 40,"सर्दी, खांसी और एलर्जी के लिए"
Vitamin D 40,हड्डियों की मजबूती के लिए
Calcium 40,हड्डियों और दाँतों की मजबूती के लिए
Multivitamin 40,शारीरिक कमजोरी और थकान में उपयोगी
Salbutamol 40,दमा और सांस की तकलीफ में राहत
Betadine 40,घावों को साफ़ करने के लिए
Domperidone 40,उल्टी और मतली में राहत के लिए
Diclofenac 40,दर्द और सूजन में उपयोगी
Paracetamol 41,बुखार और हल्के दर्द में उपयोगी
Amoxicillin 41,जीवाणु संक्रमण के इलाज में उपयोगी
Ibuprofen 41,सूजन और दर्द में राहत के लिए
Ciprofloxacin 41,संक्रमण के इलाज में उपयोगी
Metronidazole 41,दस्त और संक्रमण में उपयोगी
Azithromycin 41,गले और छाती के संक्रमण के लिए
Levocetirizine 41,एलर्जी और छींक में राहत के लिए
Cetirizine 41,एलर्जी और खुजली में उपयोगी
Pantoprazole 41,एसिडिटी और पेट दर्द में उपयोगी
Ranitidine 41,पेट की गैस और जलन में राहत
Omeprazole 41,अम्लता में राहत के लिए
Dolo 41,बुखार और दर्द में उपयोगी
Calpol 41,बच्चों के बुखार और दर्द के लिए
ORS 41,डिहाइड्रेशन में पानी की कमी को पूरा करता है
Zinc Tablet 41,दस्त में उपयोगी और रोग प्रतिरोधक शक्ति बढ़ाता है
Iron Folic Acid 41,रक्ताल्पता (एनीमिया) में उपयोगी
Albendazole 41,पेट के कीड़ों के इलाज के लिए
Chlorpheniramine 41,"सर्दी, खांसी और एलर्जी के लिए"
Vitamin D 41,हड्डियों की मजबूती के लिए
Calcium 41,हड्डियों और दाँतों की मजबूती के लिए
Multivitamin 41,शारीरिक कमजोरी और थकान में उपयोगी
Salbutamol 41,दमा और सांस की तकलीफ में राहत
Betadine 41,घावों को साफ़ करने के लिए
Domperidone 41,उल्टी और मतली में राहत के लिए
Diclofenac 41,दर्द और सूजन में उपयोगी
Paracetamol 42,बुखार और हल्के दर्द में उपयोगी
Amoxicillin 42,जीवाणु संक्रमण के इलाज में उपयोगी
Ibuprofen 42,सूजन और दर्द में राहत के लिए
Ciprofloxacin 42,संक्रमण के इलाज में उपयोगी
Metronidazole 42,दस्त और संक्रमण में उपयोगी
Azithromycin 42,गले और छाती के संक्रमण के लिए
Levocetirizine 42,एलर्जी और छींक में राहत के लिए
Cetirizine 42,एलर्जी और खुजली में उपयोगी
Pantoprazole 42,एसिडिटी और पेट दर्द में उपयोगी
Ranitidine 42,पेट की गैस और जलन में राहत
Omeprazole 42,अम्लता में राहत के लिए
Dolo 42,बुखार और दर्द में उपयोगी
Calpol 42,बच्चों के बुखार और दर्द के लिए
ORS 42,डिहाइड्रेशन में पानी की कमी को पूरा करता है
Zinc Tablet 42,दस्त में उपयोगी और रोग प्रतिरोधक शक्ति बढ़ाता है
Iron Folic Acid 42,रक्ताल्पता (एनीमिया) में उपयोगी
Albendazole 42,पेट के कीड़ों के इलाज के लिए
Chlorpheniramine 42,"सर्दी, खांसी और एलर्जी के लिए"
Vitamin D 42,हड्डियों की मजबूती के लिए
Calcium 42,हड्डियों और दाँतों की मजबूती के लिए
Multivitamin 42,शारीरिक कमजोरी और थकान में उपयोगी
Salbutamol 42,दमा और सांस की तकलीफ में राहत
Betadine 42,घावों को साफ़ करने के लिए
Domperidone 42,उल्टी और मतली में राहत के लिए
Diclofenac 42,दर्द और सूजन में उपयोगी
Paracetamol 43,बुखार और हल्के दर्द में उपयोगी
Amoxicillin 43,जीवाणु संक्रमण के इलाज में उपयोगी
Ibuprofen 43,सूजन और दर्द में राहत के लिए
Ciprofloxacin 43,संक्रमण के इलाज में उपयोगी
Metronidazole 43,दस्त और संक्रमण में उपयोगी
Azithromycin 43,गले और छाती के संक्रमण के लिए
Levocetirizine 43,एलर्जी और छींक में राहत के लिए
Cetirizine 43,एलर्जी और खुजली में उपयोगी
Pantoprazole 43,एसिडिटी और पेट दर्द में उपयोगी
Ranitidine 43,पेट की गैस और जलन में राहत
Omeprazole 43,अम्लता में राहत के लिए
Dolo 43,बुखार और दर्द में उपयोगी
Calpol 43,बच्चों के बुखार और दर्द के लिए
ORS 43,डिहाइड्रेशन में पानी की कमी को पूरा करता है
Zinc Tablet 43,दस्त में उपयोगी और रोग प्रतिरोधक शक्ति बढ़ाता है
Iron Folic Acid 43,रक्ताल्पता (एनीमिया) में उपयोगी
Albendazole 43,पेट के कीड़ों के इलाज के लिए
Chlorpheniramine 43,"सर्दी, खांसी और एलर्जी के लिए"
Vitamin D 43,हड्डियों की मजबूती के लिए
Calcium 43,हड्डियों और दाँतों की मजबूती के लिए
Multivitamin 43,शारीरिक कमजोरी और थकान में उपयोगी
Salbutamol 43,दमा और सांस की तकलीफ में राहत
Betadine 43,घावों को साफ़ करने के लिए
Domperidone 43,उल्टी और मतली में राहत के लिए
Diclofenac 43,दर्द और सूजन में उपयोगी
Paracetamol 44,बुखार और हल्के दर्द में उपयोगी
Amoxicillin 44,जीवाणु संक्रमण के इलाज में उपयोगी
Ibuprofen 44,सूजन और दर्द में राहत के लिए
Ciprofloxacin 44,संक्रमण के इलाज में उपयोगी
Metronidazole 44,दस्त और संक्रमण में उपयोगी
Azithromycin 44,गले और छाती के संक्रमण के लिए
Levocetirizine 44,एलर्जी और छींक में राहत के लिए
Cetirizine 44,एलर्जी और खुजली में उपयोगी
Pantoprazole 44,एसिडिटी और पेट दर्द में उपयोगी
Ranitidine 44,पेट की गैस और जलन में राहत
Omeprazole 44,अम्लता में राहत के लिए
Dolo 44,बुखार और दर्द में उपयोगी
Calpol 44,बच्चों के बुखार और दर्द के लिए
ORS 44,डिहाइड्रेशन में पानी की कमी को पूरा करता है
Zinc Tablet 44,दस्त में उपयोगी और रोग प्रतिरोधक शक्ति बढ़ाता है
Iron Folic Acid 44,रक्ताल्पता (एनीमिया) में उपयोगी
Albendazole 44,पेट के कीड़ों के इलाज के लिए
Chlorpheniramine 44,"सर्दी, खांसी और एलर्जी के लिए"
Vitamin D 44,हड्डियों की मजबूती के लिए
Calcium 44,हड्डियों और दाँतों की मजबूती के लिए
Multivitamin 44,शारीरिक कमजोरी और थकान में उपयोगी
Salbutamol 44,दमा और सांस की तकलीफ में राहत
Betadine 44,घावों को साफ़ करने के लिए
Domperidone 44,उल्टी और मतली में राहत के लिए
Diclofenac 44,दर्द और सूजन में उपयोगी
Paracetamol 45,बुखार और हल्के दर्द में उपयोगी
Amoxicillin 45,जीवाणु संक्रमण के इलाज में उपयोगी
Ibuprofen 45,सूजन और दर्द में राहत के लिए
Ciprofloxacin 45,संक्रमण के इलाज में उपयोगी
Metronidazole 45,दस्त और संक्रमण में उपयोगी
Azithromycin 45,गले और छाती के संक्रमण के लिए
Levocetirizine 45,एलर्जी और छींक में राहत के लिए
Cetirizine 45,एलर्जी और खुजली में उपयोगी
Pantoprazole 45,एसिडिटी और पेट दर्द में उपयोगी
Ranitidine 45,पेट की गैस और जलन में राहत
Omeprazole 45,अम्लता में राहत के लिए
Dolo 45,बुखार और दर्द में उपयोगी
Calpol 45,बच्चों के बुखार और दर्द के लिए
ORS 45,डिहाइड्रेशन में पानी की कमी को पूरा करता है
Zinc Tablet 45,दस्त में उपयोगी और रोग प्रतिरोधक शक्ति बढ़ाता है
Iron Folic Acid 45,रक्ताल्पता (एनीमिया) में उपयोगी
Albendazole 45,पेट के कीड़ों के इलाज के लिए
Chlorpheniramine 45,"सर्दी, खांसी और एलर्जी के लिए"
Vitamin D 45,हड्डियों की मजबूती के लिए
Calcium 45,हड्डियों और दाँतों की मजबूती के लिए
Multivitamin 45,शारीरिक कमजोरी और थकान में उपयोगी
Salbutamol 45,दमा और सांस की तकलीफ में राहत
Betadine 45,घावों को साफ़ करने के लिए
Domperidone 45,उल्टी और मतली में राहत के लिए
Diclofenac 45,दर्द और सूजन में उपयोगी
Paracetamol 46,बुखार और हल्के दर्द में उपयोगी
Amoxicillin 46,जीवाणु संक्रमण के इलाज में उपयोगी
Ibuprofen 46,सूजन और दर्द में राहत के लिए
Ciprofloxacin 46,संक्रमण के इलाज में उपयोगी
Metronidazole 46,दस्त और संक्रमण में उपयोगी
Azithromycin 46,गले और छाती के संक्रमण के लिए
Levocetirizine 46,एलर्जी और छींक में राहत के लिए
Cetirizine 46,एलर्जी और खुजली में उपयोगी
Pantoprazole 46,एसिडिटी और पेट दर्द में उपयोगी
Ranitidine 46,पेट की गैस और जलन में राहत
Omeprazole 46,अम्लता में राहत के लिए
Dolo 46,बुखार और दर्द में उपयोगी
Calpol 46,बच्चों के बुखार और दर्द के लिए
ORS 46,डिहाइड्रेशन में पानी की कमी को पूरा करता है
Zinc Tablet 46,दस्त में उपयोगी और रोग प्रतिरोधक शक्ति बढ़ाता है
Iron Folic Acid 46,रक्ताल्पता (एनीमिया) में उपयोगी
Albendazole 46,पेट के कीड़ों के इलाज के लिए
Chlorpheniramine 46,"सर्दी, खांसी और एलर्जी के लिए"
Vitamin D 46,हड्डियों की मजबूती के लिए
Calcium 46,हड्डियों और दाँतों की मजबूती के लिए
Multivitamin 46,शारीरिक कमजोरी और थकान में उपयोगी
Salbutamol 46,दमा और सांस की तकलीफ में राहत
Betadine 46,घावों को साफ़ करने के लिए
Domperidone 46,उल्टी और मतली में राहत के लिए
Diclofenac 46,दर्द और सूजन में उपयोगी
Paracetamol 47,बुखार और हल्के दर्द में उपयोगी
Amoxicillin 47,जीवाणु संक्रमण के इलाज में उपयोगी
Ibuprofen 47,सूजन और दर्द में राहत के लिए
Ciprofloxacin 47,संक्रमण के इलाज में उपयोगी
Metronidazole 47,दस्त और संक्रमण में उपयोगी
Azithromycin 47,गले और छाती के संक्रमण के लिए
Levocetirizine 47,एलर्जी और छींक में राहत के लिए
Cetirizine 47,एलर्जी और खुजली में उपयोगी
Pantoprazole 47,एसिडिटी और पेट दर्द में उपयोगी
Ranitidine 47,पेट की गैस और जलन में राहत
Omeprazole 47,अम्लता में राहत के लिए
Dolo 47,बुखार और दर्द में उपयोगी
Calpol 47,बच्चों के बुखार और दर्द के लिए
ORS 47,डिहाइड्रेशन में पानी की कमी को पूरा करता है
Zinc Tablet 47,दस्त में उपयोगी और रोग प्रतिरोधक शक्ति बढ़ाता है
Iron Folic Acid 47,रक्ताल्पता (एनीमिया) में उपयोगी
Albendazole 47,पेट के कीड़ों के इलाज के लिए
Chlorpheniramine 47,"सर्दी, खांसी और एलर्जी के लिए"
Vitamin D 47,हड्डियों की मजबूती के लिए
Calcium 47,हड्डियों और दाँतों की मजबूती के लिए
Multivitamin 47,शारीरिक कमजोरी और थकान में उपयोगी
Salbutamol 47,दमा और सांस की तकलीफ में राहत
Betadine 47,घावों को साफ़ करने के लिए
Domperidone 47,उल्टी और मतली में राहत के लिए
Diclofenac 47,दर्द और सूजन में उपयोगी
Paracetamol 48,बुखार और हल्के दर्द में उपयोगी
Amoxicillin 48,जीवाणु संक्रमण के इलाज में उपयोगी
Ibuprofen 48,सूजन और दर्द में राहत के लिए
Ciprofloxacin 48,संक्रमण के इलाज में उपयोगी
Metronidazole 48,दस्त और संक्रमण में उपयोगी
Azithromycin 48,गले और छाती के संक्रमण के लिए
Levocetirizine 48,एलर्जी और छींक में राहत के लिए
Cetirizine 48,एलर्जी और खुजली में उपयोगी
Pantoprazole 48,एसिडिटी और पेट दर्द में उपयोगी
Ranitidine 48,पेट की गैस और जलन में राहत
Omeprazole 48,अम्लता में राहत के लिए
Dolo 48,बुखार और दर्द में उपयोगी
Calpol 48,बच्चों के बुखार और दर्द के लिए
ORS 48,डिहाइड्रेशन में पानी की कमी को पूरा करता है
Zinc Tablet 48,दस्त में उपयोगी और रोग प्रतिरोधक शक्ति बढ़ाता है
Iron Folic Acid 48,रक्ताल्पता (एनीमिया) में उपयोगी
Albendazole 48,पेट के कीड़ों के इलाज के लिए
Chlorpheniramine 48,"सर्दी, खांसी और एलर्जी के लिए"
Vitamin D 48,हड्डियों की मजबूती के लिए
Calcium 48,हड्डियों और दाँतों की मजबूती के लिए
Multivitamin 48,शारीरिक कमजोरी और थकान में उपयोगी
Salbutamol 48,दमा और सांस की तकलीफ में राहत
Betadine 48,घावों को साफ़ करने के लिए
Domperidone 48,उल्टी और मतली में राहत के लिए
Diclofenac 48,दर्द और सूजन में उपयोगी
Paracetamol 49,बुखार और हल्के दर्द में उपयोगी
Amoxicillin 49,जीवाणु संक्रमण के इलाज में उपयोगी
Ibuprofen 49,सूजन और दर्द में राहत के लिए
Ciprofloxacin 49,संक्रमण के इलाज में उपयोगी
Metronidazole 49,दस्त और संक्रमण में उपयोगी
Azithromycin 49,गले और छाती के संक्रमण के लिए
Levocetirizine 49,एलर्जी और छींक में राहत के लिए
Cetirizine 49,एलर्जी और खुजली में उपयोगी
Pantoprazole 49,एसिडिटी और पेट दर्द में उपयोगी
Ranitidine 49,पेट की गैस और जलन में राहत
Omeprazole 49,अम्लता में राहत के लिए
Dolo 49,बुखार और दर्द में उपयोगी
Calpol 49,बच्चों के बुखार और दर्द के लिए
ORS 49,डिहाइड्रेशन में पानी की कमी को पूरा करता है
Zinc Tablet 49,दस्त में उपयोगी और रोग प्रतिरोधक शक्ति बढ़ाता है
Iron Folic Acid 49,रक्ताल्पता (एनीमिया) में उपयोगी
Albendazole 49,पेट के कीड़ों के इलाज के लिए
Chlorpheniramine 49,"सर्दी, खांसी और एलर्जी के लिए"
Vitamin D 49,हड्डियों की मजबूती के लिए
Calcium 49,हड्डियों और दाँतों की मजबूती के लिए
Multivitamin 49,शारीरिक कमजोरी और थकान में उपयोगी
Salbutamol 49,दमा और सांस की तकलीफ में राहत
Betadine 49,घावों को साफ़ करने के लिए
Domperidone 49,उल्टी और मतली में राहत के लिए
Diclofenac 49,दर्द और सूजन में उपयोगी
Paracetamol 50,बुखार और हल्के दर्द में उपयोगी
Amoxicillin 50,जीवाणु संक्रमण के इलाज में उपयोगी
Ibuprofen 50,सूजन और दर्द में राहत के लिए
Ciprofloxacin 50,संक्रमण के इलाज में उपयोगी
Metronidazole 50,दस्त और संक्रमण में उपयोगी
Azithromycin 50,गले और छाती के संक्रमण के लिए
Levocetirizine 50,एलर्जी और छींक में राहत के लिए
Cetirizine 50,एलर्जी और खुजली में उपयोगी
Pantoprazole 50,एसिडिटी और पेट दर्द में उपयोगी
Ranitidine 50,पेट की गैस और जलन में राहत
Omeprazole 50,अम्लता में राहत के लिए
Dolo 50,बुखार और दर्द में उपयोगी
Calpol 50,बच्चों के बुखार और दर्द के लिए
ORS 50,डिहाइड्रेशन में पानी की कमी को पूरा करता है
Zinc Tablet 50,दस्त में उपयोगी और रोग प्रतिरोधक शक्ति बढ़ाता है
Iron Folic Acid 50,रक्ताल्पता (एनीमिया) में उपयोगी
Albendazole 50,पेट के कीड़ों के इलाज के लिए
Chlorpheniramine 50,"सर्दी, खांसी और एलर्जी के लिए"
Vitamin D 50,हड्डियों की मजबूती के लिए
Calcium 50,हड्डियों और दाँतों की मजबूती के लिए
Multivitamin 50,शारीरिक कमजोरी और थकान में उपयोगी
Salbutamol 50,दमा और सांस की तकलीफ में राहत
Betadine 50,घावों को साफ़ करने के लिए
Domperidone 50,उल्टी और मतली में राहत के लिए
Diclofenac 50,दर्द और सूजन में उपयोगी
Paracetamol 51,बुखार और हल्के दर्द में उपयोगी
Amoxicillin 51,जीवाणु संक्रमण के इलाज में उपयोगी
Ibuprofen 51,सूजन और दर्द में राहत के लिए
Ciprofloxacin 51,संक्रमण के इलाज में उपयोगी
Metronidazole 51,दस्त और संक्रमण में उपयोगी
Azithromycin 51,गले और छाती के संक्रमण के लिए
Levocetirizine 51,एलर्जी और छींक में राहत के लिए
Cetirizine 51,एलर्जी और खुजली में उपयोगी
Pantoprazole 51,एसिडिटी और पेट दर्द में उपयोगी
Ranitidine 51,पेट की गैस और जलन में राहत
Omeprazole 51,अम्लता में राहत के लिए
Dolo 51,बुखार और दर्द में उपयोगी
Calpol 51,बच्चों के बुखार और दर्द के लिए
ORS 51,डिहाइड्रेशन में पानी की कमी को पूरा करता है
Zinc Tablet 51,दस्त में उपयोगी और रोग प्रतिरोधक शक्ति बढ़ाता है
Iron Folic Acid 51,रक्ताल्पता (एनीमिया) में उपयोगी
Albendazole 51,पेट के कीड़ों के इलाज के लिए
Chlorpheniramine 51,"सर्दी, खांसी और एलर्जी के लिए"
Vitamin D 51,हड्डियों की मजबूती के लिए
Calcium 51,हड्डियों और दाँतों की मजबूती के लिए
Multivitamin 51,शारीरिक कमजोरी और थकान में उपयोगी
Salbutamol 51,दमा और सांस की तकलीफ में राहत
Betadine 51,घावों को साफ़ करने के लिए
Domperidone 51,उल्टी और मतली में राहत के लिए
Diclofenac 51,दर्द और सूजन में उपयोगी
Paracetamol 52,बुखार और हल्के दर्द में उपयोगी
Amoxicillin 52,जीवाणु संक्रमण के इलाज में उपयोगी
Ibuprofen 52,सूजन और दर्द में राहत के लिए
Ciprofloxacin 52,संक्रमण के इलाज में उपयोगी
Metronidazole 52,दस्त और संक्रमण में उपयोगी
Azithromycin 52,गले और छाती के संक्रमण के लिए
Levocetirizine 52,एलर्जी और छींक में राहत के लिए
Cetirizine 52,एलर्जी और खुजली में उपयोगी
Pantoprazole 52,एसिडिटी और पेट दर्द में उपयोगी
Ranitidine 52,पेट की गैस और जलन में राहत
Omeprazole 52,अम्लता में राहत के लिए
Dolo 52,बुखार और दर्द में उपयोगी
Calpol 52,बच्चों के बुखार और दर्द के लिए
ORS 52,डिहाइड्रेशन में पानी की कमी को पूरा करता है
Zinc Tablet 52,दस्त में उपयोगी और रोग प्रतिरोधक शक्ति बढ़ाता है
Iron Folic Acid 52,रक्ताल्पता (एनीमिया) में उपयोगी
Albendazole 52,पेट के कीड़ों के इलाज के लिए
Chlorpheniramine 52,"सर्दी, खांसी और एलर्जी के लिए"
Vitamin D 52,हड्डियों की मजबूती के लिए
Calcium 52,हड्डियों और दाँतों की मजबूती के लिए
Multivitamin 52,शारीरिक कमजोरी और थकान में उपयोगी
Salbutamol 52,दमा और सांस की तकलीफ में राहत
Betadine 52,घावों को साफ़ करने के लिए
Domperidone 52,उल्टी और मतली में राहत के लिए
Diclofenac 52,दर्द और सूजन में उपयोगी
Paracetamol 53,बुखार और हल्के दर्द में उपयोगी
Amoxicillin 53,जीवाणु संक्रमण के इलाज में उपयोगी
Ibuprofen 53,सूजन और दर्द में राहत के लिए
Ciprofloxacin 53,संक्रमण के इलाज में उपयोगी
Metronidazole 53,दस्त और संक्रमण में उपयोगी
Azithromycin 53,गले और छाती के संक्रमण के लिए
Levocetirizine 53,एलर्जी और छींक में राहत के लिए
Cetirizine 53,एलर्जी और खुजली में उपयोगी
Pantoprazole 53,एसिडिटी और पेट दर्द में उपयोगी
Ranitidine 53,पेट की गैस और जलन में राहत
Omeprazole 53,अम्लता में राहत के लिए
Dolo 53,बुखार और दर्द में उपयोगी
Calpol 53,बच्चों के बुखार और दर्द के लिए
ORS 53,डिहाइड्रेशन में पानी की कमी को पूरा करता है
Zinc Tablet 53,दस्त में उपयोगी और रोग प्रतिरोधक शक्ति बढ़ाता है
Iron Folic Acid 53,रक्ताल्पता (एनीमिया) में उपयोगी
Albendazole 53,पेट के कीड़ों के इलाज के लिए
Chlorpheniramine 53,"सर्दी, खांसी और एलर्जी के लिए"
Vitamin D 53,हड्डियों की मजबूती के लिए
Calcium 53,हड्डियों और दाँतों की मजबूती के लिए
Multivitamin 53,शारीरिक कमजोरी और थकान में उपयोगी
Salbutamol 53,दमा और सांस की तकलीफ में राहत
Betadine 53,घावों को साफ़ करने के लिए
Domperidone 53,उल्टी और मतली में राहत के लिए
Diclofenac 53,दर्द और सूजन में उपयोगी
Paracetamol 54,बुखार और हल्के दर्द में उपयोगी
Amoxicillin 54,जीवाणु संक्रमण के इलाज में उपयोगी
Ibuprofen 54,सूजन और दर्द में राहत के लिए
Ciprofloxacin 54,संक्रमण के इलाज में उपयोगी
Metronidazole 54,दस्त और संक्रमण में उपयोगी
Azithromycin 54,गले और छाती के संक्रमण के लिए
Levocetirizine 54,एलर्जी और छींक में राहत के लिए
Cetirizine 54,एलर्जी और खुजली में उपयोगी
Pantoprazole 54,एसिडिटी और पेट दर्द में उपयोगी
Ranitidine 54,पेट की गैस और जलन में राहत
Omeprazole 54,अम्लता में राहत के लिए
Dolo 54,बुखार और दर्द में उपयोगी
Calpol 54,बच्चों के बुखार और दर्द के लिए
ORS 54,डिहाइड्रेशन में पानी की कमी को पूरा करता है
Zinc Tablet 54,दस्त में उपयोगी और रोग प्रतिरोधक शक्ति बढ़ाता है
Iron Folic Acid 54,रक्ताल्पता (एनीमिया) में उपयोगी
Albendazole 54,पेट के कीड़ों के इलाज के लिए
Chlorpheniramine 54,"सर्दी, खांसी और एलर्जी के लिए"
Vitamin D 54,हड्डियों की मजबूती के लिए
Calcium 54,हड्डियों और दाँतों की मजबूती के लिए
Multivitamin 54,शारीरिक कमजोरी और थकान में उपयोगी
Salbutamol 54,दमा और सांस की तकलीफ में राहत
Betadine 54,घावों को साफ़ करने के लिए
Domperidone 54,उल्टी और मतली में राहत के लिए
Diclofenac 54,दर्द और सूजन में उपयोगी
Paracetamol 55,बुखार और हल्के दर्द में उपयोगी
Amoxicillin 55,जीवाणु संक्रमण के इलाज में उपयोगी
Ibuprofen 55,सूजन और दर्द में राहत के लिए
Ciprofloxacin 55,संक्रमण के इलाज में उपयोगी
Metronidazole 55,दस्त और संक्रमण में उपयोगी
Azithromycin 55,गले और छाती के संक्रमण के लिए
Levocetirizine 55,एलर्जी और छींक में राहत के लिए
Cetirizine 55,एलर्जी और खुजली में उपयोगी
Pantoprazole 55,एसिडिटी और पेट दर्द में उपयोगी
Ranitidine 55,पेट की गैस और जलन में राहत
Omeprazole 55,अम्लता में राहत के लिए
Dolo 55,बुखार और दर्द में उपयोगी
Calpol 55,बच्चों के बुखार और दर्द के लिए
ORS 55,डिहाइड्रेशन में पानी की कमी को पूरा करता है
Zinc Tablet 55,दस्त में उपयोगी और रोग प्रतिरोधक शक्ति बढ़ाता है
Iron Folic Acid 55,रक्ताल्पता (एनीमिया) में उपयोगी
Albendazole 55,पेट के कीड़ों के इलाज के लिए
Chlorpheniramine 55,"सर्दी, खांसी और एलर्जी के लिए"
Vitamin D 55,हड्डियों की मजबूती के लिए
Calcium 55,हड्डियों और दाँतों की मजबूती के लिए
Multivitamin 55,शारीरिक कमजोरी और थकान में उपयोगी
Salbutamol 55,दमा और सांस की तकलीफ में राहत
Betadine 55,घावों को साफ़ करने के लिए
Domperidone 55,उल्टी और मतली में राहत के लिए
Diclofenac 55,दर्द और सूजन में उपयोगी
Paracetamol 56,बुखार और हल्के दर्द में उपयोगी
Amoxicillin 56,जीवाणु संक्रमण के इलाज में उपयोगी
Ibuprofen 56,सूजन और दर्द में राहत के लिए
Ciprofloxacin 56,संक्रमण के इलाज में उपयोगी
Metronidazole 56,दस्त और संक्रमण में उपयोगी
Azithromycin 56,गले और छाती के संक्रमण के लिए
Levocetirizine 56,एलर्जी और छींक में राहत के लिए
Cetirizine 56,एलर्जी और खुजली में उपयोगी
Pantoprazole 56,एसिडिटी और पेट दर्द में उपयोगी
Ranitidine 56,पेट की गैस और जलन में राहत
Omeprazole 56,अम्लता में राहत के लिए
Dolo 56,बुखार और दर्द में उपयोगी
Calpol 56,बच्चों के बुखार और दर्द के लिए
ORS 56,डिहाइड्रेशन में पानी की कमी को पूरा करता है
Zinc Tablet 56,दस्त में उपयोगी और रोग प्रतिरोधक शक्ति बढ़ाता है
Iron Folic Acid 56,रक्ताल्पता (एनीमिया) में उपयोगी
Albendazole 56,पेट के कीड़ों के इलाज के लिए
Chlorpheniramine 56,"सर्दी, खांसी और एलर्जी के लिए"
Vitamin D 56,हड्डियों की मजबूती के लिए
Calcium 56,हड्डियों और दाँतों की मजबूती के लिए
Multivitamin 56,शारीरिक कमजोरी और थकान में उपयोगी
Salbutamol 56,दमा और सांस की तकलीफ में राहत
Betadine 56,घावों को साफ़ करने के लिए
Domperidone 56,उल्टी और मतली में राहत के लिए
Diclofenac 56,दर्द और सूजन में उपयोगी
Paracetamol 57,बुखार और हल्के दर्द में उपयोगी
Amoxicillin 57,जीवाणु संक्रमण के इलाज में उपयोगी
Ibuprofen 57,सूजन और दर्द में राहत के लिए
Ciprofloxacin 57,संक्रमण के इलाज में उपयोगी
Metronidazole 57,दस्त और संक्रमण में उपयोगी
Azithromycin 57,गले और छाती के संक्रमण के लिए
Levocetirizine 57,एलर्जी और छींक में राहत के लिए
Cetirizine 57,एलर्जी और खुजली में उपयोगी
Pantoprazole 57,एसिडिटी और पेट दर्द में उपयोगी
Ranitidine 57,पेट की गैस और जलन में राहत
Omeprazole 57,अम्लता में राहत के लिए
Dolo 57,बुखार और दर्द में उपयोगी
Calpol 57,बच्चों के बुखार और दर्द के लिए
ORS 57,डिहाइड्रेशन में पानी की कमी को पूरा करता है
Zinc Tablet 57,दस्त में उपयोगी और रोग प्रतिरोधक शक्ति बढ़ाता है
Iron Folic Acid 57,रक्ताल्पता (एनीमिया) में उपयोगी
Albendazole 57,पेट के कीड़ों के इलाज के लिए
Chlorpheniramine 57,"सर्दी, खांसी और एलर्जी के लिए"
Vitamin D 57,हड्डियों की मजबूती के लिए
Calcium 57,हड्डियों और दाँतों की मजबूती के लिए
Multivitamin 57,शारीरिक कमजोरी और थकान में उपयोगी
Salbutamol 57,दमा और सांस की तकलीफ में राहत
Betadine 57,घावों को साफ़ करने के लिए
Domperidone 57,उल्टी और मतली में राहत के लिए
Diclofenac 57,दर्द और सूजन में उपयोगी
Paracetamol 58,बुखार और हल्के दर्द में उपयोगी
Amoxicillin 58,जीवाणु संक्रमण के इलाज में उपयोगी
Ibuprofen 58,सूजन और दर्द में राहत के लिए
Ciprofloxacin 58,संक्रमण के इलाज में उपयोगी
Metronidazole 58,दस्त और संक्रमण में उपयोगी
Azithromycin 58,गले और छाती के संक्रमण के लिए
Levocetirizine 58,एलर्जी और छींक में राहत के लिए
Cetirizine 58,एलर्जी और खुजली में उपयोगी
Pantoprazole 58,एसिडिटी और पेट दर्द में उपयोगी
Ranitidine 58,पेट की गैस और जलन में राहत
Omeprazole 58,अम्लता में राहत के लिए
Dolo 58,बुखार और दर्द में उपयोगी
Calpol 58,बच्चों के बुखार और दर्द के लिए
ORS 58,डिहाइड्रेशन में पानी की कमी को पूरा करता है
Zinc Tablet 58,दस्त में उपयोगी और रोग प्रतिरोधक शक्ति बढ़ाता है
Iron Folic Acid 58,रक्ताल्पता (एनीमिया) में उपयोगी
Albendazole 58,पेट के कीड़ों के इलाज के लिए
Chlorpheniramine 58,"सर्दी, खांसी और एलर्जी के लिए"
Vitamin D 58,हड्डियों की मजबूती के लिए
Calcium 58,हड्डियों और दाँतों की मजबूती के लिए
Multivitamin 58,शारीरिक कमजोरी और थकान में उपयोगी
Salbutamol 58,दमा और सांस की तकलीफ में राहत
Betadine 58,घावों को साफ़ करने के लिए
Domperidone 58,उल्टी और मतली में राहत के लिए
Diclofenac 58,दर्द और सूजन में उपयोगी
Paracetamol 59,बुखार और हल्के दर्द में उपयोगी
Amoxicillin 59,जीवाणु संक्रमण के इलाज में उपयोगी
Ibuprofen 59,सूजन और दर्द में राहत के लिए
Ciprofloxacin 59,संक्रमण के इलाज में उपयोगी
Metronidazole 59,दस्त और संक्रमण में उपयोगी
Azithromycin 59,गले और छाती के संक्रमण के लिए
Levocetirizine 59,एलर्जी और छींक में राहत के लिए
Cetirizine 59,एलर्जी और खुजली में उपयोगी
Pantoprazole 59,एसिडिटी और पेट दर्द में उपयोगी
Ranitidine 59,पेट की गैस और जलन में राहत
Omeprazole 59,अम्लता में राहत के लिए
Dolo 59,बुखार और दर्द में उपयोगी
Calpol 59,बच्चों के बुखार और दर्द के लिए
ORS 59,डिहाइड्रेशन में पानी की कमी को पूरा करता है
Zinc Tablet 59,दस्त में उपयोगी और रोग प्रतिरोधक शक्ति बढ़ाता है
Iron Folic Acid 59,रक्ताल्पता (एनीमिया) में उपयोगी
Albendazole 59,पेट के कीड़ों के इलाज के लिए
Chlorpheniramine 59,"सर्दी, खांसी और एलर्जी के लिए"
Vitamin D 59,हड्डियों की मजबूती के लिए
Calcium 59,हड्डियों और दाँतों की मजबूती के लिए
Multivitamin 59,शारीरिक कमजोरी और थकान में उपयोगी
Salbutamol 59,दमा और सांस की तकलीफ में राहत
Betadine 59,घावों को साफ़ करने के लिए
Domperidone 59,उल्टी और मतली में राहत के लिए
Diclofenac 59,दर्द और सूजन में उपयोगी
Paracetamol 60,बुखार और हल्के दर्द में उपयोगी
Amoxicillin 60,जीवाणु संक्रमण के इलाज में उपयोगी
Ibuprofen 60,सूजन और दर्द में राहत के लिए
Ciprofloxacin 60,संक्रमण के इलाज में उपयोगी
Metronidazole 60,दस्त और संक्रमण में उपयोगी
Azithromycin 60,गले और छाती के संक्रमण के लिए
Levocetirizine 60,एलर्जी और छींक में राहत के लिए
Cetirizine 60,एलर्जी और खुजली में उपयोगी
Pantoprazole 60,एसिडिटी और पेट दर्द में उपयोगी
Ranitidine 60,पेट की गैस और जलन में राहत
Omeprazole 60,अम्लता में राहत के लिए
Dolo 60,बुखार और दर्द में उपयोगी
Calpol 60,बच्चों के बुखार और दर्द के लिए
ORS 60,डिहाइड्रेशन में पानी की कमी को पूरा करता है
Zinc Tablet 60,दस्त में उपयोगी और रोग प्रतिरोधक शक्ति बढ़ाता है
Iron Folic Acid 60,रक्ताल्पता (एनीमिया) में उपयोगी
Albendazole 60,पेट के कीड़ों के इलाज के लिए
Chlorpheniramine 60,"सर्दी, खांसी और एलर्जी के लिए"
Vitamin D 60,हड्डियों की मजबूती के लिए
Calcium 60,हड्डियों और दाँतों की मजबूती के लिए
Multivitamin 60,शारीरिक कमजोरी और थकान में उपयोगी
Salbutamol 60,दमा और सांस की तकलीफ में राहत
Betadine 60,घावों को साफ़ करने के लिए
Domperidone 60,उल्टी और मतली में राहत के लिए
Diclofenac 60,दर्द और सूजन में उपयोगी
Paracetamol 61,बुखार और हल्के दर्द में उपयोगी
Amoxicillin 61,जीवाणु संक्रमण के इलाज में उपयोगी
Ibuprofen 61,सूजन और दर्द में राहत के लिए
Ciprofloxacin 61,संक्रमण के इलाज में उपयोगी
Metronidazole 61,दस्त और संक्रमण में उपयोगी
Azithromycin 61,गले और छाती के संक्रमण के लिए
Levocetirizine 61,एलर्जी और छींक में राहत के लिए
Cetirizine 61,एलर्जी और खुजली में उपयोगी
Pantoprazole 61,एसिडिटी और पेट दर्द में उपयोगी
Ranitidine 61,पेट की गैस और जलन में राहत
Omeprazole 61,अम्लता में राहत के लिए
Dolo 61,बुखार और दर्द में उपयोगी
Calpol 61,बच्चों के बुखार और दर्द के लिए
ORS 61,डिहाइड्रेशन में पानी की कमी को पूरा करता है
Zinc Tablet 61,दस्त में उपयोगी और रोग प्रतिरोधक शक्ति बढ़ाता है
Iron Folic Acid 61,रक्ताल्पता (एनीमिया) में उपयोगी
Albendazole 61,पेट के कीड़ों के इलाज के लिए
Chlorpheniramine 61,"सर्दी, खांसी और एलर्जी के लिए"
Vitamin D 61,हड्डियों की मजबूती के लिए
Calcium 61,हड्डियों और दाँतों की मजबूती के लिए
Multivitamin 61,शारीरिक कमजोरी और थकान में उपयोगी
Salbutamol 61,दमा और सांस की तकलीफ में राहत
Betadine 61,घावों को साफ़ करने के लिए
Domperidone 61,उल्टी और मतली में राहत के लिए
Diclofenac 61,दर्द और सूजन में उपयोगी
Paracetamol 62,बुखार और हल्के दर्द में उपयोगी
Amoxicillin 62,जीवाणु संक्रमण के इलाज में उपयोगी
Ibuprofen 62,सूजन और दर्द में राहत के लिए
Ciprofloxacin 62,संक्रमण के इलाज में उपयोगी
Metronidazole 62,दस्त और संक्रमण में उपयोगी
Azithromycin 62,गले और छाती के संक्रमण के लिए
Levocetirizine 62,एलर्जी और छींक में राहत के लिए
Cetirizine 62,एलर्जी और खुजली में उपयोगी
Pantoprazole 62,एसिडिटी और पेट दर्द में उपयोगी
Ranitidine 62,पेट की गैस और जलन में राहत
Omeprazole 62,अम्लता में राहत के लिए
Dolo 62,बुखार और दर्द में उपयोगी
Calpol 62,बच्चों के बुखार और दर्द के लिए
ORS 62,डिहाइड्रेशन में पानी की कमी को पूरा करता है
Zinc Tablet 62,दस्त में उपयोगी और रोग प्रतिरोधक शक्ति बढ़ाता है
Iron Folic Acid 62,रक्ताल्पता (एनीमिया) में उपयोगी
Albendazole 62,पेट के कीड़ों के इलाज के लिए
Chlorpheniramine 62,"सर्दी, खांसी और एलर्जी के लिए"
Vitamin D 62,हड्डियों की मजबूती के लिए
Calcium 62,हड्डियों और दाँतों की मजबूती के लिए
Multivitamin 62,शारीरिक कमजोरी और थकान में उपयोगी
Salbutamol 62,दमा और सांस की तकलीफ में राहत
Betadine 62,घावों को साफ़ करने के लिए
Domperidone 62,उल्टी और मतली में राहत के लिए
Diclofenac 62,दर्द और सूजन में उपयोगी
Paracetamol 63,बुखार और हल्के दर्द में उपयोगी
Amoxicillin 63,जीवाणु संक्रमण के इलाज में उपयोगी
Ibuprofen 63,सूजन और दर्द में राहत के लिए
Ciprofloxacin 63,संक्रमण के इलाज में उपयोगी
Metronidazole 63,दस्त और संक्रमण में उपयोगी
Azithromycin 63,गले और छाती के संक्रमण के लिए
Levocetirizine 63,एलर्जी और छींक में राहत के लिए
Cetirizine 63,एलर्जी और खुजली में उपयोगी
Pantoprazole 63,एसिडिटी और पेट दर्द में उपयोगी
Ranitidine 63,पेट की गैस और जलन में राहत
Omeprazole 63,अम्लता में राहत के लिए
Dolo 63,बुखार और दर्द में उपयोगी
Calpol 63,बच्चों के बुखार और दर्द के लिए
ORS 63,डिहाइड्रेशन में पानी की कमी को पूरा करता है
Zinc Tablet 63,दस्त में उपयोगी और रोग प्रतिरोधक शक्ति बढ़ाता है
Iron Folic Acid 63,रक्ताल्पता (एनीमिया) में उपयोगी
Albendazole 63,पेट के कीड़ों के इलाज के लिए
Chlorpheniramine 63,"सर्दी, खांसी और एलर्जी के लिए"
Vitamin D 63,हड्डियों की मजबूती के लिए
Calcium 63,हड्डियों और दाँतों की मजबूती के लिए
Multivitamin 63,शारीरिक कमजोरी और थकान में उपयोगी
Salbutamol 63,दमा और सांस की तकलीफ में राहत
Betadine 63,घावों को साफ़ करने के लिए
Domperidone 63,उल्टी और मतली में राहत के लिए
Diclofenac 63,दर्द और सूजन में उपयोगी
Paracetamol 64,बुखार और हल्के दर्द में उपयोगी
Amoxicillin 64,जीवाणु संक्रमण के इलाज में उपयोगी
Ibuprofen 64,सूजन और दर्द में राहत के लिए
Ciprofloxacin 64,संक्रमण के इलाज में उपयोगी
Metronidazole 64,दस्त और संक्रमण में उपयोगी
Azithromycin 64,गले और छाती के संक्रमण के लिए
Levocetirizine 64,एलर्जी और छींक में राहत के लिए
Cetirizine 64,एलर्जी और खुजली में उपयोगी
Pantoprazole 64,एसिडिटी और पेट दर्द में उपयोगी
Ranitidine 64,पेट की गैस और जलन में राहत
Omeprazole 64,अम्लता में राहत के लिए
Dolo 64,बुखार और दर्द में उपयोगी
Calpol 64,बच्चों के बुखार और दर्द के लिए
ORS 64,डिहाइड्रेशन में पानी की कमी को पूरा करता है
Zinc Tablet 64,दस्त में उपयोगी और रोग प्रतिरोधक शक्ति बढ़ाता है
Iron Folic Acid 64,रक्ताल्पता (एनीमिया) में उपयोगी
Albendazole 64,पेट के कीड़ों के इलाज के लिए
Chlorpheniramine 64,"सर्दी, खांसी और एलर्जी के लिए"
Vitamin D 64,हड्डियों की मजबूती के लिए
Calcium 64,हड्डियों और दाँतों की मजबूती के लिए
Multivitamin 64,शारीरिक कमजोरी और थकान में उपयोगी
Salbutamol 64,दमा और सांस की तकलीफ में राहत
Betadine 64,घावों को साफ़ करने के लिए
Domperidone 64,उल्टी और मतली में राहत के लिए
Diclofenac 64,दर्द और सूजन में उपयोगी
Paracetamol 65,बुखार और हल्के दर्द में उपयोगी
Amoxicillin 65,जीवाणु संक्रमण के इलाज में उपयोगी
Ibuprofen 65,सूजन और दर्द में राहत के लिए
Ciprofloxacin 65,संक्रमण के इलाज में उपयोगी
Metronidazole 65,दस्त और संक्रमण में उपयोगी
Azithromycin 65,गले और छाती के संक्रमण के लिए
Levocetirizine 65,एलर्जी और छींक में राहत के लिए
Cetirizine 65,एलर्जी और खुजली में उपयोगी
Pantoprazole 65,एसिडिटी और पेट दर्द में उपयोगी
Ranitidine 65,पेट की गैस और जलन में राहत
Omeprazole 65,अम्लता में राहत के लिए
Dolo 65,बुखार और दर्द में उपयोगी
Calpol 65,बच्चों के बुखार और दर्द के लिए
ORS 65,डिहाइड्रेशन में पानी की कमी को पूरा करता है
Zinc Tablet 65,दस्त में उपयोगी और रोग प्रतिरोधक शक्ति बढ़ाता है
Iron Folic Acid 65,रक्ताल्पता (एनीमिया) में उपयोगी
Albendazole 65,पेट के कीड़ों के इलाज के लिए
Chlorpheniramine 65,"सर्दी, खांसी और एलर्जी के लिए"
Vitamin D 65,हड्डियों की मजबूती के लिए
Calcium 65,हड्डियों और दाँतों की मजबूती के लिए
Multivitamin 65,शारीरिक कमजोरी और थकान में उपयोगी
Salbutamol 65,दमा और सांस की तकलीफ में राहत
Betadine 65,घावों को साफ़ करने के लिए
Domperidone 65,उल्टी और मतली में राहत के लिए
Diclofenac 65,दर्द और सूजन में उपयोगी
Paracetamol 66,बुखार और हल्के दर्द में उपयोगी
Amoxicillin 66,जीवाणु संक्रमण के इलाज में उपयोगी
Ibuprofen 66,सूजन और दर्द में राहत के लिए
Ciprofloxacin 66,संक्रमण के इलाज में उपयोगी
Metronidazole 66,दस्त और संक्रमण में उपयोगी
Azithromycin 66,गले और छाती के संक्रमण के लिए
Levocetirizine 66,एलर्जी और छींक में राहत के लिए
Cetirizine 66,एलर्जी और खुजली में उपयोगी
Pantoprazole 66,एसिडिटी और पेट दर्द में उपयोगी
Ranitidine 66,पेट की गैस और जलन में राहत
Omeprazole 66,अम्लता में राहत के लिए
Dolo 66,बुखार और दर्द में उपयोगी
Calpol 66,बच्चों के बुखार और दर्द के लिए
ORS 66,डिहाइड्रेशन में पानी की कमी को पूरा करता है
Zinc Tablet 66,दस्त में उपयोगी और रोग प्रतिरोधक शक्ति बढ़ाता है
Iron Folic Acid 66,रक्ताल्पता (एनीमिया) में उपयोगी
Albendazole 66,पेट के कीड़ों के इलाज के लिए
Chlorpheniramine 66,"सर्दी, खांसी और एलर्जी के लिए"
Vitamin D 66,हड्डियों की मजबूती के लिए
Calcium 66,हड्डियों और दाँतों की मजबूती के लिए
Multivitamin 66,शारीरिक कमजोरी और थकान में उपयोगी
Salbutamol 66,दमा और सांस की तकलीफ में राहत
Betadine 66,घावों को साफ़ करने के लिए
Domperidone 66,उल्टी और मतली में राहत के लिए
Diclofenac 66,दर्द और सूजन में उपयोगी
Paracetamol 67,बुखार और हल्के दर्द में उपयोगी
Amoxicillin 67,जीवाणु संक्रमण के इलाज में उपयोगी
Ibuprofen 67,सूजन और दर्द में राहत के लिए
Ciprofloxacin 67,संक्रमण के इलाज में उपयोगी
Metronidazole 67,दस्त और संक्रमण में उपयोगी
Azithromycin 67,गले और छाती के संक्रमण के लिए
Levocetirizine 67,एलर्जी और छींक में राहत के लिए
Cetirizine 67,एलर्जी और खुजली में उपयोगी
Pantoprazole 67,एसिडिटी और पेट दर्द में उपयोगी
Ranitidine 67,पेट की गैस और जलन में राहत
Omeprazole 67,अम्लता में राहत के लिए
Dolo 67,बुखार और दर्द में उपयोगी
Calpol 67,बच्चों के बुखार और दर्द के लिए
ORS 67,डिहाइड्रेशन में पानी की कमी को पूरा करता है
Zinc Tablet 67,दस्त में उपयोगी और रोग प्रतिरोधक शक्ति बढ़ाता है
Iron Folic Acid 67,रक्ताल्पता (एनीमिया) में उपयोगी
Albendazole 67,पेट के कीड़ों के इलाज के लिए
Chlorpheniramine 67,"सर्दी, खांसी और एलर्जी के लिए"
Vitamin D 67,हड्डियों की मजबूती के लिए
Calcium 67,हड्डियों और दाँतों की मजबूती के लिए
Multivitamin 67,शारीरिक कमजोरी और थकान में उपयोगी
Salbutamol 67,दमा और सांस की तकलीफ में राहत
Betadine 67,घावों को साफ़ करने के लिए
Domperidone 67,उल्टी और मतली में राहत के लिए
Diclofenac 67,दर्द और सूजन में उपयोगी
Paracetamol 68,बुखार और हल्के दर्द में उपयोगी
Amoxicillin 68,जीवाणु संक्रमण के इलाज में उपयोगी
Ibuprofen 68,सूजन और दर्द में राहत के लिए
Ciprofloxacin 68,संक्रमण के इलाज में उपयोगी
Metronidazole 68,दस्त और संक्रमण में उपयोगी
Azithromycin 68,गले और छाती के संक्रमण के लिए
Levocetirizine 68,एलर्जी और छींक में राहत के लिए
Cetirizine 68,एलर्जी और खुजली में उपयोगी
Pantoprazole 68,एसिडिटी और पेट दर्द में उपयोगी
Ranitidine 68,पेट की गैस और जलन में राहत
Omeprazole 68,अम्लता में राहत के लिए
Dolo 68,बुखार और दर्द में उपयोगी
Calpol 68,बच्चों के बुखार और दर्द के लिए
ORS 68,डिहाइड्रेशन में पानी की कमी को पूरा करता है
Zinc Tablet 68,दस्त में उपयोगी और रोग प्रतिरोधक शक्ति बढ़ाता है
Iron Folic Acid 68,रक्ताल्पता (एनीमिया) में उपयोगी
Albendazole 68,पेट के कीड़ों के इलाज के लिए
Chlorpheniramine 68,"सर्दी, खांसी और एलर्जी के लिए"
Vitamin D 68,हड्डियों की मजबूती के लिए
Calcium 68,हड्डियों और दाँतों की मजबूती के लिए
Multivitamin 68,शारीरिक कमजोरी और थकान में उपयोगी
Salbutamol 68,दमा और सांस की तकलीफ में राहत
Betadine 68,घावों को साफ़ करने के लिए
Domperidone 68,उल्टी और मतली में राहत के लिए
Diclofenac 68,दर्द और सूजन में उपयोगी
Paracetamol 69,बुखार और हल्के दर्द में उपयोगी
Amoxicillin 69,जीवाणु संक्रमण के इलाज में उपयोगी
Ibuprofen 69,सूजन और दर्द में राहत के लिए
Ciprofloxacin 69,संक्रमण के इलाज में उपयोगी
Metronidazole 69,दस्त और संक्रमण में उपयोगी
Azithromycin 69,गले और छाती के संक्रमण के लिए
Levocetirizine 69,एलर्जी और छींक में राहत के लिए
Cetirizine 69,एलर्जी और खुजली में उपयोगी
Pantoprazole 69,एसिडिटी और पेट दर्द में उपयोगी
Ranitidine 69,पेट की गैस और जलन में राहत
Omeprazole 69,अम्लता में राहत के लिए
Dolo 69,बुखार और दर्द में उपयोगी
Calpol 69,बच्चों के बुखार और दर्द के लिए
ORS 69,डिहाइड्रेशन में पानी की कमी को पूरा करता है
Zinc Tablet 69,दस्त में उपयोगी और रोग प्रतिरोधक शक्ति बढ़ाता है
Iron Folic Acid 69,रक्ताल्पता (एनीमिया) में उपयोगी
Albendazole 69,पेट के कीड़ों के इलाज के लिए
Chlorpheniramine 69,"सर्दी, खांसी और एलर्जी के लिए"
Vitamin D 69,हड्डियों की मजबूती के लिए
Calcium 69,हड्डियों और दाँतों की मजबूती के लिए
Multivitamin 69,शारीरिक कमजोरी और थकान में उपयोगी
Salbutamol 69,दमा और सांस की तकलीफ में राहत
Betadine 69,घावों को साफ़ करने के लिए
Domperidone 69,उल्टी और मतली में राहत के लिए
Diclofenac 69,दर्द और सूजन में उपयोगी
Paracetamol 70,बुखार और हल्के दर्द में उपयोगी
Amoxicillin 70,जीवाणु संक्रमण के इलाज में उपयोगी
Ibuprofen 70,सूजन और दर्द में राहत के लिए
Ciprofloxacin 70,संक्रमण के इलाज में उपयोगी
Metronidazole 70,दस्त और संक्रमण में उपयोगी
Azithromycin 70,गले और छाती के संक्रमण के लिए
Levocetirizine 70,एलर्जी और छींक में राहत के लिए
Cetirizine 70,एलर्जी और खुजली में उपयोगी
Pantoprazole 70,एसिडिटी और पेट दर्द में उपयोगी
Ranitidine 70,पेट की गैस और जलन में राहत
Omeprazole 70,अम्लता में राहत के लिए
Dolo 70,बुखार और दर्द में उपयोगी
Calpol 70,बच्चों के बुखार और दर्द के लिए
ORS 70,डिहाइड्रेशन में पानी की कमी को पूरा करता है
Zinc Tablet 70,दस्त में उपयोगी और रोग प्रतिरोधक शक्ति बढ़ाता है
Iron Folic Acid 70,रक्ताल्पता (एनीमिया) में उपयोगी
Albendazole 70,पेट के कीड़ों के इलाज के लिए
Chlorpheniramine 70,"सर्दी, खांसी और एलर्जी के लिए"
Vitamin D 70,हड्डियों की मजबूती के लिए
Calcium 70,हड्डियों और दाँतों की मजबूती के लिए
Multivitamin 70,शारीरिक कमजोरी और थकान में उपयोगी
Salbutamol 70,दमा और सांस की तकलीफ में राहत
Betadine 70,घावों को साफ़ करने के लिए
Domperidone 70,उल्टी और मतली में राहत के लिए
Diclofenac 70,दर्द और सूजन में उपयोगी
Paracetamol 71,बुखार और हल्के दर्द में उपयोगी
Amoxicillin 71,जीवाणु संक्रमण के इलाज में उपयोगी
Ibuprofen 71,सूजन और दर्द में राहत के लिए
Ciprofloxacin 71,संक्रमण के इलाज में उपयोगी
Metronidazole 71,दस्त और संक्रमण में उपयोगी
Azithromycin 71,गले और छाती के संक्रमण के लिए
Levocetirizine 71,एलर्जी और छींक में राहत के लिए
Cetirizine 71,एलर्जी और खुजली में उपयोगी
Pantoprazole 71,एसिडिटी और पेट दर्द में उपयोगी
Ranitidine 71,पेट की गैस और जलन में राहत
Omeprazole 71,अम्लता में राहत के लिए
Dolo 71,बुखार और दर्द में उपयोगी
Calpol 71,बच्चों के बुखार और दर्द के लिए
ORS 71,डिहाइड्रेशन में पानी की कमी को पूरा करता है
Zinc Tablet 71,दस्त में उपयोगी और रोग प्रतिरोधक शक्ति बढ़ाता है
Iron Folic Acid 71,रक्ताल्पता (एनीमिया) में उपयोगी
Albendazole 71,पेट के कीड़ों के इलाज के लिए
Chlorpheniramine 71,"सर्दी, खांसी और एलर्जी के लिए"
Vitamin D 71,हड्डियों की मजबूती के लिए
Calcium 71,हड्डियों और दाँतों की मजबूती के लिए
Multivitamin 71,शारीरिक कमजोरी और थकान में उपयोगी
Salbutamol 71,दमा और सांस की तकलीफ में राहत
Betadine 71,घावों को साफ़ करने के लिए
Domperidone 71,उल्टी और मतली में राहत के लिए
Diclofenac 71,दर्द और सूजन में उपयोगी
Paracetamol 72,बुखार और हल्के दर्द में उपयोगी
Amoxicillin 72,जीवाणु संक्रमण के इलाज में उपयोगी
Ibuprofen 72,सूजन और दर्द में राहत के लिए
Ciprofloxacin 72,संक्रमण के इलाज में उपयोगी
Metronidazole 72,दस्त और संक्रमण में उपयोगी
Azithromycin 72,गले और छाती के संक्रमण के लिए
Levocetirizine 72,एलर्जी और छींक में राहत के लिए
Cetirizine 72,एलर्जी और खुजली में उपयोगी
Pantoprazole 72,एसिडिटी और पेट दर्द में उपयोगी
Ranitidine 72,पेट की गैस और जलन में राहत
Omeprazole 72,अम्लता में राहत के लिए
Dolo 72,बुखार और दर्द में उपयोगी
Calpol 72,बच्चों के बुखार और दर्द के लिए
ORS 72,डिहाइड्रेशन में पानी की कमी को पूरा करता है
Zinc Tablet 72,दस्त में उपयोगी और रोग प्रतिरोधक शक्ति बढ़ाता है
Iron Folic Acid 72,रक्ताल्पता (एनीमिया) में उपयोगी
Albendazole 72,पेट के कीड़ों के इलाज के लिए
Chlorpheniramine 72,"सर्दी, खांसी और एलर्जी के लिए"
Vitamin D 72,हड्डियों की मजबूती के लिए
Calcium 72,हड्डियों और दाँतों की मजबूती के लिए
Multivitamin 72,शारीरिक कमजोरी और थकान में उपयोगी
Salbutamol 72,दमा और सांस की तकलीफ में राहत
Betadine 72,घावों को साफ़ करने के लिए
Domperidone 72,उल्टी और मतली में राहत के लिए
Diclofenac 72,दर्द और सूजन में उपयोगी
Paracetamol 73,बुखार और हल्के दर्द में उपयोगी
Amoxicillin 73,जीवाणु संक्रमण के इलाज में उपयोगी
Ibuprofen 73,सूजन और दर्द में राहत के लिए
Ciprofloxacin 73,संक्रमण के इलाज में उपयोगी
Metronidazole 73,दस्त और संक्रमण में उपयोगी
Azithromycin 73,गले और छाती के संक्रमण के लिए
Levocetirizine 73,एलर्जी और छींक में राहत के लिए
Cetirizine 73,एलर्जी और खुजली में उपयोगी
Pantoprazole 73,एसिडिटी और पेट दर्द में उपयोगी
Ranitidine 73,पेट की गैस और जलन में राहत
Omeprazole 73,अम्लता में राहत के लिए
Dolo 73,बुखार और दर्द में उपयोगी
Calpol 73,बच्चों के बुखार और दर्द के लिए
ORS 73,डिहाइड्रेशन में पानी की कमी को पूरा करता है
Zinc Tablet 73,दस्त में उपयोगी और रोग प्रतिरोधक शक्ति बढ़ाता है
Iron Folic Acid 73,रक्ताल्पता (एनीमिया) में उपयोगी
Albendazole 73,पेट के कीड़ों के इलाज के लिए
Chlorpheniramine 73,"सर्दी, खांसी और एलर्जी के लिए"
Vitamin D 73,हड्डियों की मजबूती के लिए
Calcium 73,हड्डियों और दाँतों की मजबूती के लिए
Multivitamin 73,शारीरिक कमजोरी और थकान में उपयोगी
Salbutamol 73,दमा और सांस की तकलीफ में राहत
Betadine 73,घावों को साफ़ करने के लिए
Domperidone 73,उल्टी और मतली में राहत के लिए
Diclofenac 73,दर्द और सूजन में उपयोगी
Paracetamol 74,बुखार और हल्के दर्द में उपयोगी
Amoxicillin 74,जीवाणु संक्रमण के इलाज में उपयोगी
Ibuprofen 74,सूजन और दर्द में राहत के लिए
Ciprofloxacin 74,संक्रमण के इलाज में उपयोगी
Metronidazole 74,दस्त और संक्रमण में उपयोगी
Azithromycin 74,गले और छाती के संक्रमण के लिए
Levocetirizine 74,एलर्जी और छींक में राहत के लिए
Cetirizine 74,एलर्जी और खुजली में उपयोगी
Pantoprazole 74,एसिडिटी और पेट दर्द में उपयोगी
Ranitidine 74,पेट की गैस और जलन में राहत
Omeprazole 74,अम्लता में राहत के लिए
Dolo 74,बुखार और दर्द में उपयोगी
Calpol 74,बच्चों के बुखार और दर्द के लिए
ORS 74,डिहाइड्रेशन में पानी की कमी को पूरा करता है
Zinc Tablet 74,दस्त में उपयोगी और रोग प्रतिरोधक शक्ति बढ़ाता है
Iron Folic Acid 74,रक्ताल्पता (एनीमिया) में उपयोगी
Albendazole 74,पेट के कीड़ों के इलाज के लिए
Chlorpheniramine 74,"सर्दी, खांसी और एलर्जी के लिए"
Vitamin D 74,हड्डियों की मजबूती के लिए
Calcium 74,हड्डियों और दाँतों की मजबूती के लिए
Multivitamin 74,शारीरिक कमजोरी और थकान में उपयोगी
Salbutamol 74,दमा और सांस की तकलीफ में राहत
Betadine 74,घावों को साफ़ करने के लिए
Domperidone 74,उल्टी और मतली में राहत के लिए
Diclofenac 74,दर्द और सूजन में उपयोगी
Paracetamol 75,बुखार और हल्के दर्द में उपयोगी
Amoxicillin 75,जीवाणु संक्रमण के इलाज में उपयोगी
Ibuprofen 75,सूजन और दर्द में राहत के लिए
Ciprofloxacin 75,संक्रमण के इलाज में उपयोगी
Metronidazole 75,दस्त और संक्रमण में उपयोगी
Azithromycin 75,गले और छाती के संक्रमण के लिए
Levocetirizine 75,एलर्जी और छींक में राहत के लिए
Cetirizine 75,एलर्जी और खुजली में उपयोगी
Pantoprazole 75,एसिडिटी और पेट दर्द में उपयोगी
Ranitidine 75,पेट की गैस और जलन में राहत
Omeprazole 75,अम्लता में राहत के लिए
Dolo 75,बुखार और दर्द में उपयोगी
Calpol 75,बच्चों के बुखार और दर्द के लिए
ORS 75,डिहाइड्रेशन में पानी की कमी को पूरा करता है
Zinc Tablet 75,दस्त में उपयोगी और रोग प्रतिरोधक शक्ति बढ़ाता है
Iron Folic Acid 75,रक्ताल्पता (एनीमिया) में उपयोगी
Albendazole 75,पेट के कीड़ों के इलाज के लिए
Chlorpheniramine 75,"सर्दी, खांसी और एलर्जी के लिए"
Vitamin D 75,हड्डियों की मजबूती के लिए
Calcium 75,हड्डियों और दाँतों की मजबूती के लिए
Multivitamin 75,शारीरिक कमजोरी और थकान में उपयोगी
Salbutamol 75,दमा और सांस की तकलीफ में राहत
Betadine 75,घावों को साफ़ करने के लिए
Domperidone 75,उल्टी और मतली में राहत के लिए
Diclofenac 75,दर्द और सूजन में उपयोगी
Paracetamol 76,बुखार और हल्के दर्द में उपयोगी
Amoxicillin 76,जीवाणु संक्रमण के इलाज में उपयोगी
Ibuprofen 76,सूजन और दर्द में राहत के लिए
Ciprofloxacin 76,संक्रमण के इलाज में उपयोगी
Metronidazole 76,दस्त और संक्रमण में उपयोगी
Azithromycin 76,गले और छाती के संक्रमण के लिए
Levocetirizine 76,एलर्जी और छींक में राहत के लिए
Cetirizine 76,एलर्जी और खुजली में उपयोगी
Pantoprazole 76,एसिडिटी और पेट दर्द में उपयोगी
Ranitidine 76,पेट की गैस और जलन में राहत
Omeprazole 76,अम्लता में राहत के लिए
Dolo 76,बुखार और दर्द में उपयोगी
Calpol 76,बच्चों के बुखार और दर्द के लिए
ORS 76,डिहाइड्रेशन में पानी की कमी को पूरा करता है
Zinc Tablet 76,दस्त में उपयोगी और रोग प्रतिरोधक शक्ति बढ़ाता है
Iron Folic Acid 76,रक्ताल्पता (एनीमिया) में उपयोगी
Albendazole 76,पेट के कीड़ों के इलाज के लिए
Chlorpheniramine 76,"सर्दी, खांसी और एलर्जी के लिए"
Vitamin D 76,हड्डियों की मजबूती के लिए
Calcium 76,हड्डियों और दाँतों की मजबूती के लिए
Multivitamin 76,शारीरिक कमजोरी और थकान में उपयोगी
Salbutamol 76,दमा और सांस की तकलीफ में राहत
Betadine 76,घावों को साफ़ करने के लिए
Domperidone 76,उल्टी और मतली में राहत के लिए
Diclofenac 76,दर्द और सूजन में उपयोगी
Paracetamol 77,बुखार और हल्के दर्द में उपयोगी
Amoxicillin 77,जीवाणु संक्रमण के इलाज में उपयोगी
Ibuprofen 77,सूजन और दर्द में राहत के लिए
Ciprofloxacin 77,संक्रमण के इलाज में उपयोगी
Metronidazole 77,दस्त और संक्रमण में उपयोगी
Azithromycin 77,गले और छाती के संक्रमण के लिए
Levocetirizine 77,एलर्जी और छींक में राहत के लिए
Cetirizine 77,एलर्जी और खुजली में उपयोगी
Pantoprazole 77,एसिडिटी और पेट दर्द में उपयोगी
Ranitidine 77,पेट की गैस और जलन में राहत
Omeprazole 77,अम्लता में राहत के लिए
Dolo 77,बुखार और दर्द में उपयोगी
Calpol 77,बच्चों के बुखार और दर्द के लिए
ORS 77,डिहाइड्रेशन में पानी की कमी को पूरा करता है
Zinc Tablet 77,दस्त में उपयोगी और रोग प्रतिरोधक शक्ति बढ़ाता है
Iron Folic Acid 77,रक्ताल्पता (एनीमिया) में उपयोगी
Albendazole 77,पेट के कीड़ों के इलाज के लिए
Chlorpheniramine 77,"सर्दी, खांसी और एलर्जी के लिए"
Vitamin D 77,हड्डियों की मजबूती के लिए
Calcium 77,हड्डियों और दाँतों की मजबूती के लिए
Multivitamin 77,शारीरिक कमजोरी और थकान में उपयोगी
Salbutamol 77,दमा और सांस की तकलीफ में राहत
Betadine 77,घावों को साफ़ करने के लिए
Domperidone 77,उल्टी और मतली में राहत के लिए
Diclofenac 77,दर्द और सूजन में उपयोगी
Paracetamol 78,बुखार और हल्के दर्द में उपयोगी
Amoxicillin 78,जीवाणु संक्रमण के इलाज में उपयोगी
Ibuprofen 78,सूजन और दर्द में राहत के लिए
Ciprofloxacin 78,संक्रमण के इलाज में उपयोगी
Metronidazole 78,दस्त और संक्रमण में उपयोगी
Azithromycin 78,गले और छाती के संक्रमण के लिए
Levocetirizine 78,एलर्जी और छींक में राहत के लिए
Cetirizine 78,एलर्जी और खुजली में उपयोगी
Pantoprazole 78,एसिडिटी और पेट दर्द में उपयोगी
Ranitidine 78,पेट की गैस और जलन में राहत
Omeprazole 78,अम्लता में राहत के लिए
Dolo 78,बुखार और दर्द में उपयोगी
Calpol 78,बच्चों के बुखार और दर्द के लिए
ORS 78,डिहाइड्रेशन में पानी की कमी को पूरा करता है
Zinc Tablet 78,दस्त में उपयोगी और रोग प्रतिरोधक शक्ति बढ़ाता है
Iron Folic Acid 78,रक्ताल्पता (एनीमिया) में उपयोगी
Albendazole 78,पेट के कीड़ों के इलाज के लिए
Chlorpheniramine 78,"सर्दी, खांसी और एलर्जी के लिए"
Vitamin D 78,हड्डियों की मजबूती के लिए
Calcium 78,हड्डियों और दाँतों की मजबूती के लिए
Multivitamin 78,शारीरिक कमजोरी और थकान में उपयोगी
Salbutamol 78,दमा और सांस की तकलीफ में राहत
Betadine 78,घावों को साफ़ करने के लिए
Domperidone 78,उल्टी और मतली में राहत के लिए
Diclofenac 78,दर्द और सूजन में उपयोगी
Paracetamol 79,बुखार और हल्के दर्द में उपयोगी
Amoxicillin 79,जीवाणु संक्रमण के इलाज में उपयोगी
Ibuprofen 79,सूजन और दर्द में राहत के लिए
Ciprofloxacin 79,संक्रमण के इलाज में उपयोगी
Metronidazole 79,दस्त और संक्रमण में उपयोगी
Azithromycin 79,गले और छाती के संक्रमण के लिए
Levocetirizine 79,एलर्जी और छींक में राहत के लिए
Cetirizine 79,एलर्जी और खुजली में उपयोगी
Pantoprazole 79,एसिडिटी और पेट दर्द में उपयोगी
Ranitidine 79,पेट की गैस और जलन में राहत
Omeprazole 79,अम्लता में राहत के लिए
Dolo 79,बुखार और दर्द में उपयोगी
Calpol 79,बच्चों के बुखार और दर्द के लिए
ORS 79,डिहाइड्रेशन में पानी की कमी को पूरा करता है
Zinc Tablet 79,दस्त में उपयोगी और रोग प्रतिरोधक शक्ति बढ़ाता है
Iron Folic Acid 79,रक्ताल्पता (एनीमिया) में उपयोगी
Albendazole 79,पेट के कीड़ों के इलाज के लिए
Chlorpheniramine 79,"सर्दी, खांसी और एलर्जी के लिए"
Vitamin D 79,हड्डियों की मजबूती के लिए
Calcium 79,हड्डियों और दाँतों की मजबूती के लिए
Multivitamin 79,शारीरिक कमजोरी और थकान में उपयोगी
Salbutamol 79,दमा और सांस की तकलीफ में राहत
Betadine 79,घावों को साफ़ करने के लिए
Domperidone 79,उल्टी और मतली में राहत के लिए
Diclofenac 79,दर्द और सूजन में उपयोगी
Paracetamol 80,बुखार और हल्के दर्द में उपयोगी
Amoxicillin 80,जीवाणु संक्रमण के इलाज में उपयोगी
Ibuprofen 80,सूजन और दर्द में राहत के लिए
Ciprofloxacin 80,संक्रमण के इलाज में उपयोगी
Metronidazole 80,दस्त और संक्रमण में उपयोगी
Azithromycin 80,गले और छाती के संक्रमण के लिए
Levocetirizine 80,एलर्जी और छींक में राहत के लिए
Cetirizine 80,एलर्जी और खुजली में उपयोगी
Pantoprazole 80,एसिडिटी और पेट दर्द में उपयोगी
Ranitidine 80,पेट की गैस और जलन में राहत
Omeprazole 80,अम्लता में राहत के लिए
Dolo 80,बुखार और दर्द में उपयोगी
Calpol 80,बच्चों के बुखार और दर्द के लिए
ORS 80,डिहाइड्रेशन में पानी की कमी को पूरा करता है
Zinc Tablet 80,दस्त में उपयोगी और रोग प्रतिरोधक शक्ति बढ़ाता है
Iron Folic Acid 80,रक्ताल्पता (एनीमिया) में उपयोगी
Albendazole 80,पेट के कीड़ों के इलाज के लिए
Chlorpheniramine 80,"सर्दी, खांसी और एलर्जी के लिए"
Vitamin D 80,हड्डियों की मजबूती के लिए
Calcium 80,हड्डियों और दाँतों की मजबूती के लिए
Multivitamin 80,शारीरिक कमजोरी और थकान में उपयोगी
Salbutamol 80,दमा और सांस की तकलीफ में राहत
Betadine 80,घावों को साफ़ करने के लिए
Domperidone 80,उल्टी और मतली में राहत के लिए
Diclofenac 80,दर्द और सूजन में उपयोगी
